TTG;Ferritin;VitD;B12;Kreatinin;Cholesterin;Sex;District;Age
3,32;23,9;59,2;226,0;74,2;6,7;f;PK;60
3,92;73,4;65,3;367,0;76,8;7,3;f;PK;45
1,93;220;61,9;177;58,5;7,6;f;PK;53
1,55;13,3;33,9;345,0;70,7;4,3;f;PK;44
2,08;129,0;44,0;370,0;90,1;6,0;f;PK;83
2,88;237,0;73,9;258,0;134,7;5,0;m;Sakhalin;61
2,62;30,8;40,2;190,0;47,0;2,9;f;PK;38
1,49;29,2;29,7;339,0;54,6;6,8;f;PK;52
1,06;89,4;33,1;384,0;75,1;4,9;f;PK;69
1,71;17,7;46,4;187,0;66,8;5,5;f;PK;43
1,74;28,6;58,5;563,0;81,4;5,5;f;PK;38
0,82;12,0;35,0;367,0;87,1;6,2;f;PK;54
2,58;19,3;61,8;432,0;70,6;5,0;f;PK;38
1,65;66,5;62,9;409,0;94,7;4,3;m;PK;44
1,81;59,1;40,8;402,0;70,7;6,0;f;PK;64
3,12;55,6;53,7;263,0;73,2;6,0;f;PK;33
1,42;26,7;53,6;359,0;68,1;6,0;f;PK;54
2,91;47,1;37,3;153,0;81,5;6,7;f;PK;62
1,08;16,9;89,7;320,0;67,9;6,0;f;PK;54
2,30;17,1;35,6;460,0;80,3;4,9;f;PK;35
0,97;27,7;57,2;307,0;75,0;7,1;f;PK;51
1,75;571,0;53,3;167,0;86,0;6,3;m;PK;54
2,20;44,6;33,7;356,0;81,3;5,1;f;PK;50
1,54;40,4;34,5;266,0;84,8;4,8;f;PK;66
0,84;16,2;26,6;319,0;65,1;7,7;f;PK;41
10,70;25,7;40,8;619,0;80,9;6,1;f;PK;60
1,49;21,4;41,9;377,0;66,8;7,3;NA;PK;NA
1,97;246,0;51,0;178,0;93,0;5,0;NA;PK;NA
1,59;92,6;38,5;239,0;84,4;5,8;m;PK;36
0,77;103,0;28,3;280,0;76,3;5,3;f;PK;64
2,73;13,4;84,3;511,0;77,3;4,8;f;PK;43
1,22;31,6;40,2;294,0;68,6;5,9;f;PK;64
2,63;22,7;33,4;738,0;71,9;9,4;f;PK;63
3,58;63,0;59,9;404,0;77,5;4,8;f;PK;62
1,68;37,9;26,2;144,0;83,5;4,7;f;PK;46
2,54;38,3;33,4;318,0;95,2;4,1;m;PK;31
0,23;33,9;15,2;197,0;87,9;3,6;f;PK;29
2,72;129,7;93,7;178,0;83,5;4,7;m;PK;46
3,57;17,7;49,8;462,0;73,7;4,4;f;PK;42
1,76;268,0;47,2;348,0;99,6;6,3;m;PK;41
0,86;26,3;43,5;687,0;60,7;4,1;f;PK;37
1,26;30,4;44,8;226,0;70,2;4,5;f;PK;43
2,55;13,9;24,1;185,0;52,6;4,5;f;PK;14
1,98;110,0;82,2;566,0;103,5;5,6;m;PK;41
0,87;41,6;18,5;298,0;91,2;6,2;f;PK;45
1,56;69,2;46,7;126,0;87,4;5,8;m;PK;48
1,51;34,4;46,4;566,0;66,3;4,0;m;PK;18
5,07;41,7;46,0;159,0;74,2;4,5;f;PK;52
2,64;90,4;24,7;391,0;88,4;5,9;f;PK;67
2,59;34,2;27,5;528,0;73,4;6,0;f;PK;49
1,64;117,5;27,1;246,0;93,8;6,2;f;PK;72
0,17;42,7;18,5;182,0;72,0;5,6;f;PK;60
1,28;69,8;16,7;395,0;69,9;5,6;f;PK;56
0,98;12,9;30,4;263,0;64,4;4,6;f;PK;46
2,90;86,4;33,9;518,0;84,1;6,4;f;PK;65
3,60;159,0;27,4;528,0;60,2;7,7;f;PK;65
2,17;161,0;41,2;131,0;84,8;5,2;f;PK;71
1,12;59,1;53,7;358,0;62,0;4,0;f;PK;32
2,42;57,3;80,8;288,0;115,2;5,0;m;PK;36
2,17;136,0;41,4;474,0;92,5;3,6;m;PK;55
2,06;4,6;30,7;738,0;64,1;6,9;f;PK;51
2,27;218,0;36,6;239,0;100,5;4,9;m;PK;59
0,87;90,2;43,4;592,0;87,5;5,3;f;PK;60
2,95;28,3;51,8;638,0;65,8;5,3;f;PK;77
2,42;44,4;46,4;546,0;86,6;5,1;m;PK;34
0,67;27,7;44,8;121,0;44,9;5,9;f;PK;38
1,44;56,3;16,1;180,0;94,5;5,7;m;PK;28
1,95;26,4;20,3;233,0;86,2;4,1;f;PK;83
0,84;201,0;82,0;738,0;108,0;5,4;m;PK;47
1,76;20,0;44,6;406,0;69,1;5,3;f;PK;29
1,78;230,5;11,8;274,0;68,7;5,1;m;PK;48
2,61;59,5;70,2;151,0;92,4;5,7;f;PK;50
4,10;18,9;83,9;478,0;69,4;4,8;f;PK;33
2,05;114,0;73,2;564,0;76,9;3,6;m;PK;51
1,49;21,9;47,3;162,0;70,4;4,4;f;PK;47
2,06;122,0;34,6;288,0;68,3;7,8;f;PK;75
2,29;13,6;27,6;164,0;65,2;4,7;f;PK;52
1,76;68,4;39,7;367,0;62,7;4,5;f;PK;51
0,59;13,5;51,2;275,0;64,0;6,1;f;PK;47
2,21;45,3;47,6;284,0;88,7;6,2;f;PK;70
1,91;7,2;25,9;491,0;67,9;5,9;f;PK;52
0,01;335,0;40,7;351,0;90,0;7,2;m;PK;51
1,14;256,0;58,8;590,0;103,3;7,0;m;PK;54
2,88;33,2;114,0;352,0;66,9;8,7;f;PK;50
1,44;89,5;38,9;270,0;91,9;4,5;f;PK;42
2,43;17,0;64,6;578,0;82,3;7,1;f;PK;26
1,43;553,0;56,2;389,0;73,3;6,3;m;PK;51
1,52;38,4;58,1;486,0;66,6;5,1;f;PK;44
2,59;78,4;58,3;358,0;103,0;3,6;m;PK;50
3,05;77,9;40,8;373,0;77,3;4,4;f;PK;49
2,04;64,4;43,1;560,0;70,9;5,5;f;PK;35
1,71;94,9;44,1;297,0;94,1;4,3;m;PK;36
1,29;42,9;44,6;567,0;65,7;5,4;f;PK;39
1,42;317,1;28,0;476,0;98,9;7,6;m;PK;42
0,93;14,6;49,6;302,0;73,7;4,7;f;PK;46
2,87;170,2;40,6;184,0;96,5;4,7;m;PK;38
1,08;169,0;69,8;215,0;67,9;5,9;f;PK;56
0,01;14,7;30,1;438,0;77,5;6,1;f;PK;66
1,49;14,5;77,3;542,0;71,8;4,3;f;PK;48
1,70;23,7;90,5;733,0;75,8;10,2;f;PK;59
1,84;39,1;85,0;587,0;73,8;4,3;f;PK;44
1,44;43,4;47,1;297,0;75,8;4,5;f;PK;50
0,89;44,5;42,0;646,0;81,7;6,0;f;PK;52
2,49;62,2;66,4;738,0;92,8;7,2;f;PK;62
0,86;20,7;26,4;280,0;66,0;7,4;f;PK;52
2,01;99,5;71,7;340,0;108,2;4,8;m;PK;36
1,94;68,6;66,3;463,0;64,6;5,4;f;PK;36
1,86;103,6;28,3;338,0;91,1;6,0;f;PK;41
1,52;54,4;91,7;182,0;85,3;6,8;f;PK;71
1,46;127,0;61,6;540,0;71,5;5,1;f;PK;58
0,94;48,7;34,0;452,0;77,3;6,4;f;PK;51
1,49;16,8;47,3;295,0;105,3;5,8;m;PK;61
0,75;141,6;37,4;420;84,9;6,4;f;PK;61
0,56;336;64,5;520;101,5;4,2;m;PK;45
1,02;39,6;52,1;288;57,5;4,3;f;PK;17
1,27;13,1;61,2;287;83,5;6,2;f;PK;45
2,66;103,2;51,3;738;69,6;6;f;PK;68
1,95;19,6;42;297;74,9;5;f;PK;36
2,03;136;91,8;331;89;4,7;m;PK;42
0,15;155;104,8;650;68,2;4,5;f;PK;44
2,66;15,7;42,1;185;83,2;3,7;f;Sakhalin;42
2,38;41,4;25,8;265;77,5;3,1;f;PK;34
1,92;78,4;45,6;355;83,4;4,6;f;PK;29
1,84;19;49,4;228;82,9;5,1;f;PK;55
1,15;267,8;42,8;731;96,5;5,4;m;PK;59
1,31;13,9;37,7;172;73,9;5,2;f;PK;59
1,61;24,5;37,8;291;77;6,5;f;PK;56
3,61;74,8;47,4;421;85,7;5;f;PK;32
1,73;176;37,3;214;99,5;6,8;m;PK;52
1,49;17,5;37;286;75,3;5,9;f;PK;55
1,61;76,9;20,1;240;95,9;6,3;m;PK;59
2,69;119,3;35,6;648;101,9;6,7;m;PK;74
1,30;148;55,9;606;67,6;4,8;f;PK;44
1,87;64,1;44,3;415;80;3,7;f;PK;45
2,04;41,7;53,4;738;71,7;7,3;f;PK;55
1,90;17,1;43,7;433;74,9;7,8;f;PK;42
0,16;200;38,4;285;79,6;7,4;f;PK;63
0,59;21,8;45;249;75,2;4;f;PK;34
1,24;13,6;24,8;266;73,2;4,4;f;PK;25
0,78;22,9;64,4;351;90,1;6,2;m;PK;72
0,65;83,5;36,3;111;80,8;6;f;PK;81
2,08;16,3;60,9;464;86,7;5,6;f;PK;63
2,07;91,6;44,9;505;109,5;6,8;m;PK;62
1,03;40,6;27,1;738;92,3;6,5;f;PK;65
1,76;159;33,9;188;78,9;4,1;m;PK;46
2,71;118,3;31,3;738;70,4;4,9;f;Sakhalin;50
8,90;97,1;22,3;388;82,1;5,3;f;PK;73
2,66;15,1;42,1;335;69,2;4,4;f;PK;18
0,82;12,8;32,6;182;89;4,4;f;PK;63
1,85;154;48,6;315;81,2;4,4;m;PK;61
1,30;62;47;452;83,8;4,1;f;PK;30
6,47;50,5;58,9;374;62,6;8,5;f;PK;59
1,03;44,3;85,8;497;88,7;6,2;f;PK;50
3,68;15,7;67,6;134;90,7;5,6;f;PK;36
1,53;36,3;21;212;70,4;6,2;f;PK;59
2,76;177;66,4;322;102,5;6,8;m;PK;47
2,84;65,2;51,2;738;85,9;6,6;f;PK;50
1,65;23,2;21;140;66,6;2,9;f;PK;26
2,85;15,9;14,6;259;90,2;4,7;f;PK;53
1,41;216,2;105,7;303;79,2;10,6;m;PK;63
1,22;409;35,3;506;90,5;8;f;PK;62
1,14;27,8;41,6;606;85,7;6,7;f;PK;84
3,95;26,5;55,2;218;73,7;5,5;m;PK;19
1,74;52,7;71,6;235;85,2;4,7;m;PK;50
1,15;26,7;43,6;651;72,9;6,2;f;PK;46
1,48;15,9;65,8;192;76,3;6,3;f;PK;46
0,72;108;16,9;573;87,9;7,6;f;PK;61
1,87;19,6;56,6;212;79,8;4,9;f;PK;30
3,12;27,9;40,1;308;69,3;7,9;f;PK;46
5,18;31,9;43,5;484;76,4;5,9;f;PK;58
0,69;291;47,7;230;82,1;3,7;m;PK;67
4,82;30,3;47,4;356;77;5,4;f;PK;46
7,21;126;20,9;237;69,7;5,4;f;PK;57
3,01;32,1;49,5;665;76,7;7,1;f;PK;62
1,59;238;60,5;225;82;7,9;m;PK;33
2,90;28,8;58,2;373;81;5,6;f;PK;36
1,42;91,9;85,8;367;91,4;7,3;f;PK;61
1,17;133,7;29,7;636;101,9;4,3;m;PK;36
3,16;17;37,6;561;84,7;4,7;f;PK;31
1,01;47,1;59,8;566;98;5,8;f;PK;36
0,51;191;44,8;513;83,7;5,7;m;PK;38
2,73;48,4;48,6;442;84,5;4,4;f;PK;37
5,04;44,5;28,2;381;83,4;10;f;PK;63
2,11;39,9;39,9;738;73,2;6,8;f;PK;34
2,59;50,2;101,1;347;73,7;5,5;f;PK;43
1,37;416;58,2;396;69,4;5,5;f;PK;57
6,19;43,6;33;437;79,6;4,6;f;PK;42
0,90;55,5;42,5;533;93,5;6,1;f;PK;61
1,98;400;46;537;90,9;5,7;m;PK;81
1,04;39,6;40,8;387;96,8;3,5;f;PK;48
1,59;179;64,3;681;79,7;6,1;m;PK;42
2,57;40,7;30,2;111;79,2;3,8;f;PK;49
1,64;58,4;33,8;213;73,1;4,8;f;PK;31
2,38;78,7;34;452;102,2;5,9;m;PK;60
1,34;48,2;41;240;69,7;7;f;PK;64
2,50;13,9;37;504;73,9;5,5;f;PK;37
3,39;36,7;49,4;276;58,2;4,6;f;PK;19
2,77;76,8;95,9;629;84,3;7,9;f;PK;71
1,99;43,4;54,6;467;75,2;5,1;f;PK;49
1,02;30,4;15,1;151;97,2;6;f;Sakhalin;70
2,75;55;44,6;544;96,6;5,2;f;PK;31
3,46;126;35,4;303;78,6;5,4;f;PK;84
1,56;202;48;370;99,9;5;m;Sakhalin;43
1,75;76,7;50,9;526;91,7;5,7;f;Sakhalin;64
2,19;44,7;56,4;315;82,8;6,1;f;PK;47
1,85;350;37,6;373;97,8;5,5;m;PK;40
2,42;18,8;28,7;368;75,2;4,2;f;PK;42
2,10;159;25,6;463;79,8;7,8;f;PK;57
1,92;43,3;56,4;487;71,3;6,5;f;PK;30
2,52;193;66,8;304;98,9;5,5;m;PK;49
2,76;59,3;45;318;84,2;6,9;f;PK;65
2,63;220;47,4;569;96,5;6,5;m;PK;38
1,83;71;52,6;630;72,1;4,8;f;PK;35
1,33;224;54,5;173;114,4;6,7;m;PK;51
1,35;106,8;26,3;727;92,5;8,6;f;Sakhalin;71
1,77;163;36,6;430;66,6;5,7;f;PK;45
8,57;17,1;27,4;164;90,3;7,9;f;PK;73
0,85;112,4;61;192;89;7,8;f;PK;71
2,34;66;84,8;379;118,3;5,3;m;PK;69
2,41;210,7;39,7;178;97,2;6,2;m;PK;76
2,07;11,2;46,5;360;84,1;5,6;f;PK;37
0,21;32,6;44,4;190;62,4;4,8;f;PK;34
5,86;23,9;88,3;337;70,9;5;f;PK;47
3,88;14,7;56,1;111;74,4;7,4;f;PK;33
1,71;7,46;50,7;594;75,6;5,9;f;PK;33
6,58;82,3;43,7;182;75,9;7,5;f;PK;53
1,81;26,6;48,7;518;80,9;8,6;f;PK;67
1,75;170;45,5;321;83;5,2;m;PK;33
5,90;71,5;51,6;351;71,7;5,7;f;PK;33
3,52;151;28,1;357;75,1;4,7;f;PK;78
1,69;18,1;64,1;398;72,7;5,1;f;PK;28
3,33;598;59,2;568;100,3;5,4;m;PK;33
2,18;63,7;20,3;687;69,1;6,2;f;PK;47
2,40;38,3;85,2;313;58,8;6,1;m;PK;17
1,94;88,2;48,4;449;71;6,7;f;PK;67
1,81;74;66,2;298;69,2;5,6;f;PK;46
1,12;30;29,5;393;68,4;5,3;f;PK;18
2,04;63,2;19,7;136;109,1;5,6;m;PK;31
5,57;72,7;66,6;738;79,9;10,6;f;PK;59
2,05;30,5;41,4;435;68,7;5,1;f;PK;46
2,27;265,5;37,5;370;81,1;5,4;m;PK;53
2,04;9;31,5;140;77,9;3,8;f;PK;27
2,43;27,3;58,3;321;78,9;4,8;f;PK;50
2,24;18,3;29,1;699;89;5,7;f;Sakhalin;30
1,71;55,9;24,1;358;110;4;m;Sakhalin;33
4,47;117;36,1;317;78,6;5,5;f;PK;66
1,16;4,68;55,1;408;67,1;5,9;f;PK;45
1,34;146;77,2;426;81,4;4,3;f;PK;39
0,73;30,6;30,5;738;82;5,2;f;Sakhalin;77
3,56;35,2;18,8;292;56,6;5,9;f;PK;15
2,48;144;49,8;253;75,7;4,6;f;PK;40
4,52;20,4;76,6;440;79;6;f;PK;52
1,98;17,8;36;307;76,7;5,6;f;PK;49
2,13;53,6;59,8;472;110,6;6;m;PK;37
3,54;21,7;48,8;364;75,1;5,2;f;PK;37
0,38;106;39,4;390;72,6;3,6;f;PK;78
3,22;22,2;75,4;499;74,4;7,5;f;PK;59
2,67;341;33,1;290;84;4;m;PK;43
3,06;139;16,9;192;85,6;4,5;m;PK;31
1,00;27,1;36,7;455;67;5,3;f;PK;53
1,42;23,2;36,1;180;68,6;4,8;f;PK;35
2,88;26;38,3;260;70,4;4,2;f;PK;48
2,69;22,5;85,7;533;87,7;5,4;f;PK;54
1,39;28,1;82,1;615;74,6;3,8;f;PK;26
1,65;76;19,6;581;86,3;7,6;f;PK;59
1,89;67;26,7;345;81,3;7,8;f;PK;47
2,12;69,1;59,7;278;83,8;5;m;PK;48
5,69;51;68;347;69,5;2,6;f;PK;36
0,77;23,2;57,9;207;79,8;5,6;f;PK;42
2,39;183,6;53,7;260;102,6;5,6;m;PK;39
1,92;86,4;47,3;355;64,6;5;f;PK;41
2,27;27,2;26,6;186;71,1;6,9;f;PK;82
1,65;16,2;43,3;256;74,3;3,5;f;PK;42
0,91;37,7;25,4;329;71,1;4,9;f;PK;44
1,44;54,9;40,3;578;68,4;6,4;f;PK;62
0,96;98,8;22,1;531;107;7;m;PK;39
6,92;18,9;34,1;370;97,2;5,3;f;Sakhalin;56
3,24;304;39,9;406;104,6;4;m;PK;62
1,40;24,4;19,4;468;72,4;5,3;f;PK;41
5,12;79,9;35,2;542;75;5,6;f;PK;69
3,31;79,4;49,8;111;86,3;3,9;m;PK;74
0,84;429;31,9;383;109;5;m;PK;53
2,34;115;63,5;378;95,3;4,6;m;PK;23
1,47;30,3;22,9;153;68,3;3,9;f;PK;23
1,54;75;39,5;204;70,7;5,2;f;PK;43
1,89;8,75;42,9;641;68,6;4,8;f;PK;40
0,87;52;81,8;254;76;5,7;f;PK;47
1,08;471;52;227;93,7;5,7;m;PK;51
0,85;19;55,1;541;68,1;5,9;f;PK;41
2,25;52,9;62,1;387;77,9;5,8;f;PK;38
2,30;32,1;34,7;252;88,8;6,1;f;PK;61
1,93;85,8;58,9;483;80,9;4,6;f;PK;35
6,95;293;72,8;152;76,4;6,2;f;PK;56
1,08;11,1;36,9;190;71,3;4,7;f;PK;27
1,23;49,7;24,9;253;70,7;5,5;m;PK;17
0,72;17,6;32,8;279;82,4;4,6;f;PK;42
0,62;15,4;44;342;96;5,8;m;PK;53
0,82;33,8;71,2;325;71,3;6,1;f;PK;36
1,62;26,1;53,9;203;140,5;4,8;m;Sakhalin;64
2,75;60,7;53,5;401;71,3;4,3;f;PK;37
2,78;68,6;34;587;76,2;4,6;f;PK;43
2,93;28,6;28,8;173;70,9;4,8;f;PK;36
1,70;27,1;31,4;491;71,2;8,5;f;PK;58
5,79;34,2;29,2;738;67,4;8,1;f;PK;48
2,19;174;31;354;77;6,4;m;Sakhalin;37
0,85;56,2;37,3;231;81,7;3,6;f;Sakhalin;42
2,88;87,5;23,9;210;93,7;4,1;m;PK;33
3,12;23,9;33,2;203;81,5;4,3;f;PK;33
0,74;60,4;18,7;351;90,3;4,6;m;PK;50
2,38;18,1;56,2;207;80,8;5,6;f;PK;29
2,79;24,6;46,6;348;84;5,7;f;PK;50
1,95;62,3;50,8;257;85,2;4,9;f;PK;68
3,87;28,4;53;307;77,3;4,6;f;PK;34
30,00;46,3;56;738;91,7;5,3;f;PK;72
1,58;38,2;29,9;666;78,6;7,1;f;PK;53
3,97;57,5;27,1;457;78,7;6,7;f;PK;53
0,84;71,2;37,6;283;84,2;4,5;f;Sakhalin;36
1,27;38,2;20,3;210;75,7;5,6;f;PK;33
1,57;69,8;58,7;560;72;8,2;f;PK;56
0,71;26,6;52,1;138;76,4;5;f;PK;48
1,12;78,9;23,2;267;87;5,5;f;PK;84
1,77;146;34,4;360;95,4;5,6;m;PK;35
3,33;5,66;46,3;416;71;5,5;f;PK;38
2,31;60,3;35,8;233;72,2;5,6;f;PK;56
1,91;38;37,1;704;73,5;3,2;f;Sakhalin;58
2,48;46,4;31,9;497;69,6;5,9;f;PK;66
2,74;38,8;48,1;331;80,9;5,6;f;PK;52
1,17;87,1;22,6;463;70,7;5,2;f;Sakhalin;30
5,22;114;69,9;491;104,8;5,1;m;PK;68
3,39;49,2;46,3;603;77,6;5,8;f;PK;68
2,09;24;37,6;202;66,2;5,1;f;PK;51
1,16;69,4;58,4;460;78,5;4,4;f;PK;63
2,25;8,87;21,2;651;77,9;7,1;f;PK;54
4,70;90,7;60,3;330;68,5;5,5;f;PK;47
1,69;8,74;59;505;71,9;4,9;f;PK;42
2,41;231;37,9;576;86,5;4,4;m;PK;43
3,03;14;42;492;93,8;6;f;PK;56
0,71;4,81;75,7;243;66,1;6,9;f;PK;65
7,24;6,1;47,3;570;69,2;5,5;f;PK;48
0,93;42,7;35,2;335;71,4;6,8;f;PK;62
1,90;41,9;13,8;255;73,5;7,1;f;PK;60
0,93;71,9;27,7;516;66,8;5;f;PK;35
1,90;57;43,5;277;70,4;7,1;f;PK;63
0,60;71,1;36,3;434;83;5;m;PK;84
2,51;57,9;42,9;210;75,2;4,3;f;PK;78
36,50;4,45;22,6;111;79,8;4,7;f;PK;55
0,01;38,1;35;457;81,7;6,1;f;PK;53
3,50;20,9;37,7;597;84;6;f;PK;24
2,49;69;21,5;312;63,7;4;f;PK;29
2,31;24,4;64,3;554;75,2;5,1;f;PK;34
0,82;59,4;69,9;171;86,2;5,2;m;PK;60
1,47;150,2;41,5;256;86;6,7;m;PK;56
2,15;41,5;35;296;85,4;6,9;f;PK;42
0,65;41,1;23,3;283;71,6;5,4;f;PK;39
5,48;31,1;29,5;676;100,4;4;f;PK;54
1,73;7,5;50,3;676;75,2;7;f;PK;45
6,26;14,5;59,5;651;86,4;5,7;f;PK;82
1,25;43,7;66;651;72;4,1;f;PK;41
2,61;31,8;36,2;322;72,6;4,8;f;PK;53
0,75;24,2;62,8;291;68,1;5,3;f;PK;48
2,72;105;51,5;532;99;7,2;f;PK;53
0,81;66,4;45,7;231;80,9;7,1;f;PK;32
0,74;42;33,8;331;68,8;3,9;f;PK;27
0,41;47,3;50,4;357;70,5;5;f;PK;30
3,05;48,3;37,7;738;73,2;6,8;f;Sakhalin;48
2,29;4,94;26,7;516;57;4,9;f;PK;45
3,59;54,5;54,1;297;52,2;4,1;f;PK;47
8,91;189;48,4;244;101,5;5,7;m;PK;66
2,07;24,7;23,7;370;71;5;f;PK;52
1,87;57,2;21,1;297;71,1;6,4;f;PK;56
3,19;74,6;61,9;389;73,4;5,3;f;PK;40
3,42;177,8;41,6;438;77,5;6,2;f;PK;59
1,20;15,9;86,2;291;69,1;5,8;f;PK;35
0,83;451;52,7;377;72,9;4,3;m;PK;57
1,58;12,9;62,2;395;84,4;5,1;f;PK;43
2,76;21,1;65;499;89,9;4,8;f;PK;29
2,98;61,2;39,4;262;83,6;5,8;m;PK;35
2,07;27,1;60,4;481;82;5,3;f;PK;44
1,91;14,6;16,9;401;70,7;6,9;f;PK;43
1,71;104;48,5;308;88,1;5,6;f;Sakhalin;34
0,62;25,5;41,7;114;80,1;5,5;f;PK;50
0,66;32;31;415;79,2;7,8;m;PK;61
1,22;20,2;82,2;443;85,5;4,3;f;PK;29
17,20;74,2;45,9;518;84,6;6,8;f;PK;62
3,18;44,6;45,2;278;67,8;4,3;f;PK;37
3,72;46,5;47,4;260;72,9;5,4;f;PK;36
1,67;29,8;31,5;326;74,6;5,7;f;PK;71
2,48;36,9;26,4;204;94,9;5,7;f;PK;37
1,61;79,1;54,5;179;85,8;6,4;m;PK;41
1,37;96,8;41;573;63,2;7,2;f;PK;52
1,58;21,4;68,5;182;80,9;5,5;f;PK;40
1,51;113;20,2;313;83,1;5,6;m;PK;57
0,52;136;62,6;272;81;6,2;m;PK;63
0,72;60,2;18;376;65,8;6,6;f;PK;42
1,66;11,5;71,4;264;54;4,5;f;PK;13
0,92;94,3;27,5;193;64,8;6,1;f;PK;63
1,33;20,9;31,5;421;84,4;4,2;f;PK;37
2,21;58;35;358;111,6;6,4;m;PK;44
2,21;195;86,4;554;105,8;4,5;m;PK;44
0,63;41,7;44;311;95,6;3,7;m;PK;34
3,60;14,8;104,1;348;78,1;8,1;f;PK;60
4,63;35,6;31,3;738;82,3;5,2;f;PK;59
1,33;76,5;50,7;354;92,5;6,4;m;PK;60
1,42;43,2;113,7;727;67,5;7,8;f;PK;49
0,58;28,8;62,7;124;86,7;4,5;f;PK;44
1,41;153,3;60,5;276;96;6,6;m;PK;38
2,28;26,4;58,3;607;81;6,2;f;PK;39
1,65;57,9;31,7;481;88,5;6,9;m;PK;77
3,44;67,2;26,5;391;97,2;4,6;f;Sakhalin;38
2,52;14;62,6;341;93,6;4,4;f;PK;35
3,38;165;36,8;738;65,8;5,7;f;PK;55
1,26;83,5;45;546;71,2;5,2;f;PK;59
1,58;73,6;23,3;625;83,1;4,6;m;PK;43
1,37;122;77,2;563;65,4;4,8;f;PK;39
1,00;21,7;34,2;688;66,7;4,9;f;PK;49
0,94;37,1;85;555;82,3;10,9;f;PK;59
1,15;46;44;738;83,7;3,8;m;PK;71
3,15;48,6;45,7;738;78,2;5,8;f;PK;59
1,59;15,9;28,2;212;77,1;4,5;f;PK;28
3,45;137;37,8;278;82;4,3;f;PK;63
0,89;125,4;51;397;137,9;4,2;f;PK;35
5,63;99,8;36,3;345;89;9;f;PK;59
1,13;15,1;42,5;280;97,5;6;m;PK;48
5,12;79,4;42,5;308;92,7;5,5;m;PK;84
2,02;129,5;33,1;325;71,5;5,1;f;PK;77
1,42;43,2;32,2;190;76,9;5,9;m;PK;57
2,73;28,2;37,6;237;64,4;6;f;PK;46
2,48;126;41,2;224;84,3;3,9;m;PK;31
3,53;62,7;55,2;458;76,5;6,2;f;PK;63
3,38;80,9;43,3;153;95,6;4,1;m;PK;82
4,47;91,8;35,4;263;81,2;7,2;f;PK;84
2,41;59,8;63,6;325;83,6;9,6;f;PK;72
1,37;80,4;54,2;415;74,4;4,8;m;PK;62
2,35;11,7;51,8;463;95,4;6,8;f;PK;54
1,37;91,7;61,1;190;77,4;7,1;f;PK;49
0,02;105,3;90,7;377;79;5,7;m;PK;47
4,89;54,9;22,7;738;83,2;5,3;f;PK;66
0,94;104,1;37,7;438;91;7,3;m;PK;58
6,02;14,9;34,9;114;72,3;6,1;f;PK;30
4,14;19;106,7;275;79,6;6,8;f;PK;83
0,14;259,7;35,9;638;80,7;11,6;f;PK;64
3,10;30,4;29,2;293;110,5;7,3;f;Sakhalin;60
3,08;180;38,5;313;86,8;4,8;f;PK;56
0,37;141,1;40,6;227;93;4,7;m;PK;41
4,04;6,97;48,5;353;65,8;5;f;PK;52
1,75;22,4;44,9;230;98,2;4,8;m;PK;39
0,93;16,9;35,9;330;68,9;3,9;f;PK;32
1,82;23,1;17,7;207;78;4,9;f;PK;36
1,35;219;37,3;367;107;5,6;m;PK;36
0,90;99,9;50,6;562;70,9;6,3;f;PK;34
1,46;43,6;48,7;275;87,5;7,8;f;PK;53
1,52;15;56,6;157;65,5;5,1;f;PK;38
2,92;37;36,4;271;81;4,4;f;PK;48
2,47;151;33,2;336;77,6;7,5;f;PK;64
1,65;23;45,8;484;71,6;6,6;f;PK;87
1,11;106,8;39,9;418;96,6;7,7;f;PK;73
1,63;62,8;22,2;283;77,9;4,3;f;PK;40
2,78;38,8;50,5;331;85,1;8;f;Sakhalin;71
1,71;60,9;34,9;440;85;6,9;m;PK;33
0,85;493;46,3;651;98,2;6,1;m;PK;38
0,03;23,3;76,2;461;72,3;5,3;f;PK;44
2,27;131;28,6;667;68,4;5,3;f;PK;50
5,61;27,5;43,7;409;66;5,8;f;PK;41
1,39;35,2;48;339;79,1;5,7;f;PK;63
0,03;55,2;37,4;670;81,6;5,8;f;PK;52
2,52;246;38,9;243;96,6;4,7;m;PK;32
2,15;39,2;48,7;373;83,7;4,9;m;PK;21
0,85;20,5;42,1;344;66,5;5,5;f;PK;48
3,73;80,3;28,4;376;72,9;5,7;f;PK;69
1,83;19,9;33,7;317;96,5;6,9;f;PK;68
0,85;245;27,3;242;98,2;4,2;m;PK;63
0,01;33,2;43,9;220;69,2;5,4;f;PK;45
1,70;97,1;65,1;311;102,9;4,7;m;PK;64
0,95;50,8;68,1;221;81,3;5,3;f;PK;41
3,31;40,3;47,3;430;69,9;6,8;f;PK;59
2,78;28,7;16,2;364;67,8;7,2;f;PK;72
0,91;17,8;43,8;373;76,5;5,7;f;PK;38
0,70;93,1;44,6;526;79;8,3;f;PK;59
2,87;375;27,3;182;93,3;4,1;m;PK;47
2,04;35,2;35,8;438;80,7;6,3;f;PK;57
1,00;48,7;33,8;389;70,2;5,2;f;PK;49
0,36;8,8;53;277;102,7;5,8;m;PK;28
1,02;63,6;32,9;367;74;4,6;f;PK;67
4,74;6,7;51;465;73,8;6,2;f;PK;53
2,75;21,4;41,9;273;69,7;5;f;PK;23
1,03;114,2;55,1;190;86,7;8,6;m;PK;51
1,32;21,7;59;311;70,7;6,6;f;PK;48
4,09;32,9;28,2;443;72,7;4,5;f;PK;42
1,64;120;33;410;74,8;7,3;f;PK;56
0,87;16,9;46,4;644;80,5;5,3;f;PK;43
2,46;73,6;25,7;459;84;5,2;f;PK;58
2,43;44,2;41,5;462;98,3;7,3;f;PK;49
1,89;15,6;36,7;435;76,8;5,7;f;Sakhalin;36
1,72;14,3;17,8;139;74,2;5,3;f;PK;67
2,23;23,8;43,8;179;86,2;5,3;f;PK;42
2,52;55,5;38,1;221;86,1;7,1;f;Sakhalin;60
0,78;24,3;31,7;390;75,4;9;f;PK;30
0,82;48,3;60,1;738;78,7;5,9;f;PK;49
4,45;95;83,7;455;75;5,1;f;PK;45
3,84;13,9;37,7;330;75,7;4,4;f;PK;20
1,17;55,2;33,3;378;81,6;5,9;f;PK;65
5,08;24,7;37,6;568;81,7;6,6;f;PK;36
4,35;22;71,1;392;78,9;5,7;f;PK;42
5,43;80,8;41,5;160;88,8;6,3;m;PK;40
1,11;36,4;73,3;643;78,4;5,6;f;PK;40
0,40;72,3;25,4;379;79,1;6,1;f;PK;74
1,40;66;50,2;197;73,7;5,2;m;PK;38
2,10;28;38,1;170;57,3;3,5;f;PK;15
1,45;29,7;38,9;500;62,6;3,3;f;PK;52
2,28;126;55,2;265;85,9;5,3;m;PK;67
2,50;60,6;51,5;184;76,8;4,4;f;PK;46
2,59;29,1;60,1;314;80,8;6,6;f;PK;61
1,94;34;46,2;117;63,8;4,1;f;PK;40
0,59;67,8;53;615;66,8;7,4;f;PK;38
1,04;57,4;56,1;450;93,9;7,6;f;PK;78
2,26;67,3;35;187;69,8;4;f;PK;29
2,02;61,2;25,1;462;70;5,3;f;PK;36
2,00;132;44,6;359;71,6;5;f;PK;57
1,95;23,6;57,3;548;66,3;3,9;f;PK;48
1,51;25;21,7;287;52,5;6;f;PK;37
0,59;58,6;51,4;281;84,7;5,3;f;PK;47
1,01;18,3;41,2;293;76,9;6,1;f;PK;52
0,82;104;38,2;360;98,4;4,8;m;PK;38
1,85;33,6;42,5;401;98,3;5,5;m;PK;57
2,03;31;51,9;234;76,2;5,3;f;PK;57
2,26;14,2;32,7;258;69,4;6;f;PK;45
0,93;251;40,2;263;103,3;5,4;m;PK;48
2,90;18,8;45,6;246;65,5;4,4;f;PK;38
53,30;15,4;33,1;738;84,7;5;f;PK;45
2,55;33,7;22,8;483;132,7;5,5;m;PK;46
3,03;22;29,6;515;71,5;5,3;f;PK;30
1,15;35,2;40,9;267;93,9;4,9;f;PK;43
2,51;60,4;48;368;68,2;6,2;f;PK;41
24,30;12,8;48,6;175;77,7;5;f;PK;42
0,01;30,9;27;152;87,2;6;f;PK;63
2,42;18,9;40,6;238;71,2;3,9;f;PK;40
2,47;26,7;51,7;329;62,3;4,5;f;PK;17
4,47;43,6;50,5;535;91,2;6,4;m;PK;52
0,97;28,6;65,6;404;68,7;5,6;f;PK;52
1,61;31,2;33,5;660;79,2;5,8;m;PK;61
1,89;16,9;42,6;738;67,4;6,2;f;PK;45
0,55;8,71;52,3;210;80,2;5,3;f;PK;44
2,20;301;24,8;192;95,8;5,3;m;PK;58
22,60;328;15,7;370;90,7;8,2;f;PK;63
2,87;36,6;41,4;294;71,8;6,1;f;PK;50
0,82;26,9;47,3;306;101,3;4,4;m;PK;47
2,23;24,2;76,9;615;77,4;4,7;f;PK;44
1,75;46,8;52,2;188;80;5,3;f;PK;73
2,28;24,3;63,5;393;75,3;6,4;f;PK;63
1,00;126,2;72,9;311;90,3;4,9;m;PK;47
3,99;40,2;48,1;317;80,2;5,7;f;PK;60
0,86;75,7;39;209;82;6,1;f;PK;62
1,68;30,2;61,9;351;97,8;6,3;f;PK;36
4,22;196,8;40,7;321;73,1;3,4;m;PK;36
1,21;30,6;12;114;71,8;4;f;PK;28
3,09;44,9;40,6;499;84,7;4,8;f;PK;81
4,27;33,4;47,4;738;72,2;6;f;PK;35
3,02;29,8;82,3;188;87,9;5,7;f;PK;65
2,70;48,2;46,1;217;90,8;6,9;f;Sakhalin;65
1,37;110;60;516;82,8;5;m;PK;50
1,47;253;59,8;685;87,8;5,3;m;PK;44
1,93;22,3;52,2;402;80,3;6;f;PK;51
2,45;71,8;43,5;191;90,6;5,7;f;PK;38
4,33;23;31,8;199;89;5,7;f;PK;82
4,37;97,6;39,3;197;71,4;6,8;f;PK;61
1,12;88,9;60,5;509;81,1;4,1;m;PK;25
0,39;116;25,5;573;78,2;6,7;f;PK;74
1,44;26,3;61;300;106,7;6,2;m;PK;37
1,87;68;31,2;165;94,6;5,1;m;PK;37
1,61;105;55,8;536;71,4;8,6;f;PK;57
0,41;102,1;70,3;488;93,7;6,1;m;PK;53
2,90;21,9;39,8;111;110,2;6,7;m;PK;67
2,88;52,9;16,1;231;91,9;7,4;f;PK;62
2,45;159;57;302;92,3;5,9;m;PK;68
2,28;120;64,1;464;78,3;5,5;f;PK;65
3,67;217,5;30;229;69,3;8,2;f;PK;72
1,88;54,6;59,9;738;79,9;6,8;f;PK;59
2,11;24,5;47,9;263;68,5;5,1;f;PK;37
0,59;292;58,9;547;92;5,2;m;PK;40
2,52;15,4;19,3;281;74,6;4,4;f;PK;38
2,65;8,1;55,5;291;107,6;5,6;m;PK;34
5,17;33,3;40,2;738;79,8;4,9;f;PK;60
0,89;55;40,6;208;71,2;5,4;f;PK;37
3,12;83,9;58,2;612;99,4;6,2;m;PK;29
1,10;57,6;33,9;277;90,9;3,8;f;Sakhalin;29
1,76;170;35,2;414;109;7,3;m;Sakhalin;32
3,28;172;33,6;207;83,8;6,9;f;Sakhalin;62
2,45;36,4;47,9;653;101,1;6;f;PK;56
4,48;20,6;60,7;521;81,6;4,6;f;PK;39
1,70;100;36,3;738;47,9;5,5;f;PK;64
1,47;13,5;39,9;363;90,8;5,7;f;Sakhalin;32
1,75;59,3;54,5;519;95,5;5,3;m;PK;58
2,63;48,3;49,8;382;78,6;4,4;f;PK;43
1,40;492;28,2;288;80;5,4;m;PK;39
1,85;21,9;41,9;230;89,5;5;f;Sakhalin;35
0,91;7,3;44,4;139;75,5;4,6;f;Sakhalin;66
3,16;95,9;29,4;315;84,6;6,4;f;Sakhalin;68
1,54;14,4;67,7;242;76;6,6;f;PK;31
1,64;36,2;82,2;738;65,9;4,7;f;PK;48
1,99;19,3;32,2;618;72,3;5,8;f;PK;60
1,81;15,6;28,6;443;78,1;7,3;f;PK;31
0,99;58,2;42,6;513;76,4;5;f;PK;48
4,36;48,7;48;274;74,8;5,5;f;PK;35
1,72;81,3;100,3;509;62,6;6,9;f;PK;58
2,91;45,1;66,2;362;80,9;5;f;PK;49
2,02;178;38,7;469;83,3;4;f;PK;34
1,29;17,2;24;544;71,8;7,7;f;PK;31
1,43;97,1;48,6;156;79,4;5,4;f;PK;50
1,82;171;44,8;350;73;6,1;f;PK;41
3,73;14,1;47,1;198;63,7;4,9;m;PK;18
1,33;19;54,2;461;62,6;5,4;f;PK;45
4,62;9,7;43;738;73,7;3,7;f;PK;82
1,41;106;38,9;596;69,4;6,7;f;PK;81
0,99;23,5;44,2;701;60,6;6,3;f;PK;58
2,29;94,1;34,3;185;119;5,2;m;PK;65
2,07;24;53,3;302;70,5;6,1;f;PK;49
1,83;41;66,2;426;73,4;3,4;f;PK;56
2,20;104;48,6;460;65,4;7;f;PK;51
3,53;34,6;49,3;355;89,3;6,9;f;PK;68
1,77;37,4;36,4;223;77,6;7,4;f;PK;73
2,37;72,9;18,8;374;75,1;3,5;f;PK;41
1,33;70,9;71;286;83,8;7,3;f;PK;67
1,56;56,4;19,6;184;89,5;4,8;f;PK;34
1,30;365;56,8;648;93,7;5,5;m;PK;40
1,92;54,5;48;412;84,1;6,4;f;PK;72
1,30;58,8;35,5;624;81,8;5;f;PK;36
1,80;23,6;56,6;364;89;5,8;f;PK;60
1,71;276;70,6;738;97,7;6,7;f;PK;69
1,48;32,9;43,5;226;70,3;3,5;f;PK;40
4,47;47,7;50,9;333;75,7;4,9;f;PK;39
1,49;28,6;70,2;505;78,3;4,9;f;PK;33
3,69;24,7;76,2;448;91;5;f;PK;49
2,54;17,3;53,5;223;60,3;4,1;f;PK;66
0,91;16,2;47,2;491;101,5;4,2;m;PK;67
2,23;13,6;21;504;75,1;5,3;f;PK;49
4,63;27,6;78,4;418;49;3,8;m;PK;6
2,23;59,4;42,4;176;69,4;2,9;m;PK;19
4,02;143;27,8;343;76,8;7,4;f;PK;59
2,08;16,3;38,3;388;78,9;6,3;f;PK;52
2,08;333;38,7;368;89,7;5,3;m;PK;50
1,10;18;57,1;290;70,4;2,6;f;PK;22
1,78;14,3;30,3;488;69,6;4,2;f;PK;30
1,97;27,6;70,2;449;66,2;5,1;f;PK;53
2,52;24,7;53,5;193;68,3;3,5;f;PK;19
0,02;226;35,3;127;83;4,9;m;PK;64
1,31;64,4;34,8;578;74,4;10;f;PK;67
2,37;104;53,6;280;109;6,3;m;PK;53
1,98;75,6;31,8;452;77,7;5,9;f;PK;51
2,47;317;42,8;391;116,9;5,5;m;PK;52
2,68;254;56,7;383;109,1;6,1;m;PK;30
1,17;107;43,1;371;96,3;5,5;f;PK;55
1,41;134,1;39,9;345;97,5;4,3;m;Sakhalin;35
9,95;12,1;72,5;325;92,8;5,1;f;PK;47
3,03;26,7;47,1;209;81,7;5;f;PK;50
2,20;25,9;22,9;575;60,9;6;f;PK;59
3,68;56,1;30,1;551;68,6;5,5;f;PK;37
2,88;15,7;39,4;189;82,9;4,9;f;PK;55
0,82;133,3;58,3;322;89;4,6;m;PK;40
2,54;193,4;85,7;176;56,1;3,6;m;PK;17
2,52;202,7;90,6;301;89,7;3,6;f;PK;40
1,16;17,7;38,8;175;62,2;5,2;f;PK;48
5,35;14,7;31,3;272;110,5;3,3;m;PK;61
1,47;64,1;34,4;214;84,1;7,6;f;PK;62
1,89;181;38,8;381;92,3;5,9;m;PK;47
3,18;372,4;47;380;77,1;5,6;m;PK;50
0,63;163,6;27,5;262;59,3;7,1;f;PK;39
1,19;52,6;75,5;444;83;6;f;PK;43
2,21;40,7;29,3;559;80,8;7,6;f;PK;66
1,68;26,6;44,9;571;90;7,5;f;PK;66
0,34;27;30,6;282;76,3;6,9;f;PK;35
1,56;15,2;27,1;415;83,7;5,5;m;PK;61
1,45;38,4;65,3;241;94,5;4,9;m;PK;55
3,89;41,4;50,8;141;74,2;5,3;f;PK;50
1,83;12,9;59,9;523;73,4;4,7;f;PK;20
1,78;36,4;62,2;369;66,6;4,1;f;PK;43
1,83;15,5;37,8;223;81,5;5,8;f;PK;44
1,82;60,8;47,9;738;81,6;6;f;Sakhalin;47
9,54;120;36,6;413;80,4;6,9;f;PK;59
0,59;83,3;35,1;257;70,3;5,3;f;PK;44
1,45;8,3;40,5;248;77,3;6,3;f;PK;40
1,55;334;64,8;311;82,6;6,6;m;PK;62
0,42;4,69;18,9;289;85,8;4,2;f;PK;54
1,19;89,9;53,2;272;94,2;5,7;m;PK;73
2,76;25,3;25,1;259;85,1;4,9;f;PK;34
0,82;203;39,6;623;77,9;8,9;f;PK;70
1,29;50,3;51,2;306;88,1;5,4;f;PK;61
1,77;51,7;38,6;332;59,7;7;f;PK;53
0,56;23,9;31,9;285;65,7;5,1;f;Sakhalin;25
3,55;48,6;30;240;88;5,1;f;PK;72
1,29;35,5;25,6;311;68,2;4,4;f;PK;42
3,14;28,3;35,8;646;80,4;6,5;f;PK;58
9,10;46,1;52,9;382;84,6;8,1;f;PK;70
0,82;121;22,3;303;65,5;4,9;f;PK;34
0,84;22,6;56,7;346;91,9;7,1;f;PK;59
2,55;55,9;39,2;339;76,1;4,7;f;PK;45
1,58;35;63,5;216;85,1;4,4;f;PK;52
1,48;12,5;71,8;489;82,8;5,1;f;PK;36
2,60;106;42,5;592;57;9,6;f;PK;51
1,55;246;50,5;502;69,8;5,5;f;PK;58
4,52;202;51,7;373;116,8;5;m;PK;42
3,11;22,6;48,7;353;56,9;4,5;f;PK;13
1,17;18,2;19,4;193;80,1;4,9;f;PK;36
1,67;96;53,2;366;68,5;6,5;f;PK;63
3,27;32,7;42,9;277;76,3;6,4;f;PK;38
1,42;74,4;33,5;738;77,9;4,5;f;PK;44
1,54;57,9;74,4;397;77,7;6,3;f;PK;43
2,50;30;47;231;85,8;6,5;f;PK;44
1,37;202;102,4;738;73,6;9,1;f;PK;48
1,22;7,6;50,7;280;65,2;5;f;PK;37
0,62;44;45,1;321;83,8;5;f;PK;76
2,02;516;49,6;652;77,5;6;m;PK;49
2,15;160;52,3;476;84,9;5,8;f;PK;37
2,97;19,4;9;111;84;6,2;f;PK;77
4,55;42,7;34,8;165;75,7;5,8;f;PK;63
4,33;20,9;38,6;250;68,5;5,3;f;PK;42
0,84;9,7;39,5;238;65,6;6,6;f;PK;51
3,77;13,9;35,2;599;68,7;6,5;f;PK;44
4,08;6,58;39,1;342;73,5;4,4;f;PK;50
1,32;52;59,1;351;66;4,8;f;PK;52
2,14;123;31,1;322;78,7;7;f;PK;60
4,63;46,5;51,6;495;72,6;4,8;f;PK;66
2,99;61,5;20,6;519;80,1;6,6;f;PK;37
1,20;17,5;52,3;173;89,9;5,6;f;PK;66
4,37;15,1;38,4;477;77,6;5,6;f;PK;50
1,65;9,4;81;426;84,9;4,7;f;PK;35
1,41;108,2;47,6;266;114,3;5;m;PK;32
1,63;304;45,4;395;84,3;5,8;m;PK;35
3,43;94,4;76,7;643;89,6;7;f;PK;65
1,00;79,9;17,4;181;69,1;4,7;f;PK;39
5,00;66,6;27,8;178;91,8;6,4;m;PK;26
1,07;67,9;34,8;275;76,1;7,4;f;PK;58
3,54;111;33,8;454;81,8;8;f;PK;57
0,26;106;61;328;69,2;6;f;PK;42
1,52;34,1;50,5;623;79,8;4,4;f;PK;40
1,88;26;62,8;738;76,8;6,5;f;PK;60
2,20;25,1;53,9;322;73,9;4,3;f;PK;33
2,76;24,3;85;452;87,3;4,9;m;PK;26
5,31;84;28,1;284;79,6;7,9;f;PK;65
2,30;68,7;58;241;112,9;5,6;m;PK;62
4,36;25,1;34,3;336;83,3;7;f;PK;56
5,41;123,3;71,5;292;91,2;6,9;f;PK;62
1,29;8,13;22,7;553;77,9;5,8;f;PK;51
0,93;25,3;31,2;269;64,2;4,7;f;PK;30
1,23;742,6;44,6;706;71,9;7,2;m;PK;41
0,56;181;63;371;65,5;4,2;f;PK;62
2,83;34,4;40,9;602;92,8;5,1;f;PK;47
2,21;87,2;72,5;348;73,8;6,5;f;Sakhalin;60
4,58;34,4;41,7;303;94,4;6,4;m;PK;52
1,39;59,3;15,8;592;76,8;5,2;f;PK;42
0,71;97,3;37,7;322;78,8;6,4;f;PK;58
3,40;31,3;32,4;443;78;6,9;f;PK;57
2,71;14,3;39,6;436;86,3;7,4;f;PK;58
1,80;15;43,2;172;101,6;6,4;f;PK;77
1,01;88,5;56,8;673;66,8;8,8;f;PK;69
2,80;15,8;45,4;405;78,5;6,7;f;PK;28
1,46;17,5;26,1;297;71,2;5;f;PK;45
3,22;11,9;36,9;146;90,9;6;f;PK;37
0,01;11,9;68,7;333;62;3,6;f;PK;49
2,14;25,8;47;190;70,4;5,7;f;PK;66
1,47;23,1;36,4;147;76,6;4,9;f;PK;19
3,40;455,5;32,7;266;102,2;9,2;m;PK;52
3,00;110,6;36,4;371;85,2;8;f;PK;46
2,22;6,55;16,5;111;79;6,2;m;PK;65
9,37;29,7;63,6;323;74,5;6,2;f;PK;39
1,04;35,9;78;567;73,1;6,7;f;PK;52
1,59;19,5;71,7;489;70,2;5,7;f;PK;49
0,49;68,2;39,6;185;116,5;7,1;m;Sakhalin;56
1,00;68,4;39,2;610;59,5;4,4;f;Sakhalin;47
2,23;9,72;49,6;345;65,4;6,3;f;PK;44
1,47;12,6;48,2;280;73,8;6,1;f;PK;41
0,45;22,9;9,2;249;79,2;4,9;f;PK;35
1,55;229;40,5;359;98,2;5,9;m;PK;35
2,23;16,9;43,8;409;72,7;4,9;f;PK;48
2,09;10,3;28,7;243;71,1;5;f;PK;37
2,23;79,3;35,6;319;70,6;6;f;PK;62
1,68;200;24;615;97,8;9;f;PK;61
1,64;124,7;33,5;153;90,7;7,2;m;PK;60
0,58;105;38,7;444;87,6;5,9;m;PK;47
3,13;355,2;47,4;671;87,2;5,9;f;PK;59
3,16;47,6;37,9;363;71,4;5,4;f;PK;27
1,89;128,9;44,1;702;72,1;6,6;f;PK;53
1,25;36,3;36,7;299;87,3;5,7;f;PK;51
1,14;41,7;41,9;214;105,1;4,5;m;PK;32
5,30;16,6;46,5;260;69,9;6,1;f;PK;55
2,87;20;33,2;420;81,1;6,4;f;PK;55
2,93;26,5;64,1;275;85,6;4,5;f;PK;46
4,09;24,8;39,8;172;69,1;3,7;f;PK;25
1,55;81,1;26;343;130,6;5,1;m;PK;38
1,32;155;106,8;636;75,6;5,2;f;PK;47
2,31;50;44,6;302;112,2;4,3;m;PK;33
2,01;146;39,6;390;93,7;4,8;m;PK;33
2,51;55,6;27,1;260;72,8;4,8;f;PK;28
0,99;22,3;33,5;331;68,1;5,5;f;PK;43
1,18;84,9;47,9;210;73,8;5;f;Sakhalin;51
0,84;36,5;38,9;461;63,3;7,5;f;PK;50
4,41;7,07;35,7;149;67,6;5,3;f;PK;48
2,15;18,6;23,4;428;67,1;3;f;PK;23
1,86;169;31,4;256;75;4,8;f;PK;59
1,02;237;99,5;274;75,1;4,8;m;PK;44
3,42;38,6;37,8;473;65,3;5,3;f;PK;35
2,48;113,5;60,9;348;96;5;m;PK;33
NA;16,8;24,1;342;NA;NA;m;PK;16
0,52;9,57;49,8;223;65,4;5,4;f;PK;61
3,20;121;41,6;173;91,4;5,8;f;PK;63
1,20;87,7;19,9;518;68;5,8;f;Sakhalin;59
1,75;43,5;40;312;63,3;3,2;f;PK;18
1,53;36,3;32,8;311;68,6;8,1;f;PK;79
2,41;62,2;47;508;82,7;5,2;f;PK;53
1,84;39,5;51,2;385;94,2;7,4;m;PK;50
2,40;45,4;103;407;70,9;4,7;f;PK;41
0,86;31,4;46,5;639;74,2;6,7;f;PK;52
0,88;37,1;82,5;470;66,7;6,7;f;PK;57
1,26;18,4;24,4;334;72,9;6,1;f;PK;41
2,92;55,8;28,7;291;94,4;4,9;f;PK;59
0,79;75,5;37,9;173;89,5;4,4;m;PK;64
2,00;42,2;43,2;183;96,9;4,3;m;PK;37
0,75;13,9;46,8;135;89,2;6,9;f;PK;61
1,06;17,7;54;221;70,9;3,8;f;PK;31
3,88;406;62,5;289;101;7,7;m;PK;36
2,30;24,3;46,6;435;75,7;4,4;f;PK;30
4,60;74,7;44,9;522;67,5;5,7;f;PK;34
2,87;25,7;29,6;328;90,8;6,4;f;PK;42
0,92;5,35;34;219;73;4,8;f;PK;49
2,30;99,1;68,6;730;63,1;5,2;f;PK;51
2,06;99,5;68,8;706;83,1;6;f;PK;58
2,75;30;53,5;202;98,8;3,7;m;PK;21
5,43;49,8;47,5;593;66,5;7,4;f;PK;68
1,14;49,9;36,4;515;64,4;3,8;f;PK;38
1,04;71,5;70,3;497;86,3;6,3;f;PK;49
1,83;26,7;48,8;333;80,5;5,9;f;PK;76
7,99;18,9;19;502;72,5;6,5;f;Sakhalin;68
1,86;113;46,5;317;79,8;5,6;f;PK;65
1,47;283;79,6;738;88,7;7,8;m;PK;74
9,20;265;43,2;738;146,5;5,7;m;PK;77
2,36;14;34;376;74,5;5,2;f;PK;41
1,55;31,4;59,8;269;71,5;5,9;f;PK;43
5,52;104,5;36,3;434;113,1;5,6;m;PK;62
2,30;466;51,9;290;88,3;5,6;m;PK;52
2,26;7,99;49,6;376;68,7;5,4;f;PK;71
2,34;85,5;32,5;230;83,1;4,2;m;PK;29
1,82;38,6;77,3;159;91,9;4,8;m;PK;49
2,28;10,3;44;373;80,3;4,6;f;PK;36
1,93;55,6;18,8;321;90,6;3,6;m;PK;29
2,75;23;58,7;328;79,8;4,5;f;PK;57
3,62;57,7;36,6;165;76,4;6,6;f;PK;64
6,20;177;22,4;398;92,3;4,5;f;PK;41
1,70;93,5;76,3;283;65,5;4,2;f;PK;31
2,82;10,4;44,2;269;79,7;5,9;f;PK;34
0,70;41,2;33,8;350;88,6;6,3;m;Sakhalin;70
3,40;135;32,7;698;80;4,7;f;PK;35
1,96;35,9;27,8;188;63,4;3,7;m;PK;17
1,73;14,7;10,5;111;35,7;4,5;f;PK;19
3,25;8,8;45,1;301;72,9;4;f;PK;37
1,74;20,8;56,7;463;64;4,1;f;PK;36
2,94;27,4;35,2;160;99,6;4,4;m;PK;25
3,05;17;38,7;304;70,7;7,2;f;PK;56
0,31;88,9;61,5;522;103,1;5,9;m;PK;44
11,40;25,2;31,7;111;102,6;5,1;f;Sakhalin;70
3,28;43,5;55,7;284;95,7;5,2;f;PK;48
1,20;39,6;48,5;269;81,2;3,8;f;PK;86
1,87;35,2;21,5;140;86,7;4,6;m;PK;25
2,58;87,4;32,2;241;99,1;4;m;PK;61
1,78;25;24;377;81,5;5;f;PK;46
2,08;33,6;69,2;272;76,4;5,4;f;PK;33
5,43;34,6;73,1;694;80,4;5,3;f;PK;45
2,44;525;61,8;353;72,9;4,3;m;PK;58
2,53;51,7;17,3;174;85,2;5,9;f;PK;47
1,63;14,9;53,8;121;76,6;4,2;f;PK;29
4,62;54,8;29,3;738;75,1;3,6;f;PK;23
4,13;27,5;20,5;409;77,7;5,1;f;PK;48
1,61;28,9;29,1;201;80,3;8,2;f;PK;64
1,36;18,9;45;160;66,8;8,7;f;PK;47
2,09;44,6;67,2;406;76;6,7;f;PK;75
0,61;14,7;44;257;68;5,7;f;PK;58
2,50;162,1;62;260;78,2;5,2;f;PK;62
3,77;25,9;15,7;582;89;7;f;PK;49
2,08;13,2;44,1;190;80,7;5,7;f;PK;34
1,00;20,8;32,5;268;76;3,4;f;PK;62
1,46;24,7;20,7;153;74,1;4,3;f;PK;40
1,03;31,8;38,9;272;64,1;4,4;f;PK;27
2,06;135;46,4;505;70,3;4,7;f;PK;52
12,20;28;25,1;258;98,2;6,6;f;PK;59
1,73;127,6;44,6;699;91,6;4,9;m;PK;64
1,31;35,9;34,2;612;83,5;7,9;f;PK;63
2,60;14,1;55,3;294;121,4;5,5;f;PK;56
1,51;87;90,1;393;83,7;4,4;m;PK;59
1,38;78;31,3;365;86,3;5,3;m;PK;35
4,24;17,2;52,5;699;74,2;3,7;f;PK;NA
0,39;45,5;92;352;89,2;4,9;f;PK;78
1,17;14,4;21,9;434;79,1;5,2;f;PK;49
0,75;95,8;41,8;522;80,9;5;f;PK;36
1,55;18;21,6;505;302,7;5,5;f;PK;48
1,41;37;78,3;387;70,5;6,6;f;PK;37
2,41;44;45,4;149;90,8;6,6;m;PK;36
3,20;41,3;46,8;461;74,3;4,7;f;PK;42
0,94;19,9;27,2;277;67;4,5;f;PK;41
3,45;37,2;33,9;228;68,8;6,4;f;PK;62
3,84;28,2;47,4;507;79,4;4,1;f;PK;34
3,40;55,3;59,7;353;84,1;6,5;f;PK;44
0,77;110;99,7;426;78,6;3,3;f;PK;47
1,97;80,4;41,2;255;71,3;3,4;f;PK;61
20,60;227,1;16,3;738;109,9;5,2;f;PK;84
1,29;28,6;32,9;663;71,8;5,7;f;PK;34
3,26;92;29,3;262;72,1;6,9;m;PK;65
1,02;10,8;24,9;622;77,4;5,9;f;PK;55
0,71;193;43,3;168;94,6;5,7;m;PK;60
1,20;118,7;25,6;355;105,3;6,3;m;PK;30
1,17;477,5;30,7;444;102,9;5,4;m;PK;49
3,55;41;40,6;185;67,7;5,8;f;PK;71
2,64;59,6;38,8;594;73,7;7,4;f;PK;67
3,16;8,62;31,9;320;71,3;6,1;f;PK;35
4,62;27,9;55,1;189;82,7;6,6;f;PK;46
0,66;74,6;62,4;427;68,1;5,3;f;PK;44
1,98;77,1;53;193;86,8;4,4;f;PK;44
1,97;10,8;39,5;187;81,3;4,3;f;PK;21
1,34;26,9;21,7;411;72,6;3,9;f;PK;33
1,33;75,9;35,1;538;71,4;5,8;f;Sakhalin;67
3,28;22,6;18,2;197;67,1;7,1;f;PK;45
2,07;39;38,7;684;84,6;5,8;f;PK;52
10,25;204,2;60,1;283;88,1;6,1;f;PK;69
2,43;154,8;54,5;290;101,3;6;m;PK;69
2,22;34,6;39;182;74,7;7;f;PK;57
3,54;228;0;195;98,3;6;m;PK;56
3,73;13,4;39,4;551;86,2;4,9;f;PK;52
1,54;67,4;46,1;738;71,1;8,5;f;PK;67
3,24;77,3;31,7;220;87,8;7,6;f;PK;64
1,27;70,3;67,6;738;79,2;4,4;f;PK;41
1,56;45;55;738;85,9;6;f;Sakhalin;39
4,02;305;50,2;318;91,4;6,3;m;PK;46
2,18;375;62;201;92,6;7,2;m;PK;63
1,85;50,6;41,3;413;80,1;5,9;f;PK;52
1,36;5,09;33,2;628;78,5;5,8;f;PK;46
2,18;26,9;48,7;226;74,4;4;f;PK;36
1,86;23,7;40,5;637;74,4;4,7;f;PK;47
2,45;115;58,5;159;73,9;5,3;f;PK;48
2,49;68,8;11,5;156;133;5,6;f;PK;88
1,35;24,5;28,8;111;74,8;3,7;f;PK;57
3,43;16,5;41,3;239;67,4;4,4;f;PK;44
2,33;12,6;45,1;553;67,9;4,4;f;PK;47
9,30;193;38,6;308;86,8;7,8;f;PK;50
2,60;16;32,2;376;81,7;4,3;f;PK;50
1,95;92,7;22,1;358;85;4,5;m;PK;28
1,32;63,4;29,2;215;86,2;5,8;m;PK;56
1,41;46,4;49,4;252;84,7;4,2;f;PK;43
2,03;1,9;36;518;80;5;f;PK;28
1,31;222;47,6;190;96,7;6,8;m;PK;42
2,82;47,2;40,2;241;89,2;6,2;f;PK;42
2,58;53,5;45,1;446;68,3;6,4;f;PK;42
2,77;281;56;352;83,5;6,4;m;PK;52
4,68;97;25,5;218;82,7;4,1;f;PK;63
1,23;156;49,8;545;86,4;5,5;m;PK;53
0,26;22,4;117,8;576;58,6;6,4;f;PK;77
1,51;96,7;42,6;688;65,7;3,9;f;Sakhalin;78
8,84;23,2;42,8;532;112,4;3,3;f;PK;79
0,77;62,9;50,9;298;79,3;5,2;f;PK;48
3,71;59;40,4;356;63,3;6,8;f;PK;74
2,27;54,6;46,6;223;84,1;5,1;m;PK;38
2,78;18,2;22,8;223;80,1;5,6;f;PK;35
0,75;27;33,8;192;68;5,8;f;PK;37
1,38;134;17,1;291;89,5;5,6;f;PK;50
1,58;295,2;39;416;97,6;6;m;PK;49
1,60;26,6;19,2;364;77,9;6,1;f;PK;51
3,21;17,9;53,6;235;70,3;6,6;f;PK;51
1,81;32,6;30,8;395;75,5;7,7;f;PK;58
2,18;124;43,1;265;77,4;4,3;f;PK;57
1,64;132;35,3;274;68,4;5,1;f;PK;67
2,56;57,7;32;246;73,8;5,2;f;PK;46
1,79;221;54,5;445;96,2;5,7;m;PK;37
5,38;81,3;27,6;298;81,5;4,2;f;PK;75
1,84;728;46,9;156;117,6;4,5;m;PK;73
4,24;14,9;48;336;70,4;4,8;f;PK;35
1,89;15,4;38,2;218;73,3;4,1;f;PK;39
0,65;30,2;47,2;522;65,8;6,1;f;PK;76
4,47;57,9;34,8;171;91,7;3,8;f;PK;73
0,95;21,1;94,2;421;94,8;3,8;f;PK;35
1,87;290;35,4;665;96,1;5,1;m;PK;47
3,81;48,9;29,5;264;75;4,8;f;PK;54
2,86;57,5;23,2;525;71,3;6,5;f;PK;49
1,80;38,6;35,1;140;79;7,2;f;PK;77
1,09;105;75,4;300;100,8;6,1;m;PK;54
1,69;111;101,9;391;73,8;4,5;f;PK;49
1,22;52,7;23,3;181;110,5;5,1;m;PK;48
0,70;23,5;27,3;210;58;4,4;m;PK;18
3,80;8,18;19,4;152;80,7;5,8;f;PK;43
44,00;168;31;125;110,6;6;f;Sakhalin;56
6,50;93,4;44,5;211;79,3;6,8;f;PK;56
0,84;21;44,9;394;69,8;4,5;f;PK;40
2,88;27,5;26,2;326;63,8;4,8;f;PK;62
1,86;14,3;26,6;477;66,6;5,4;f;PK;45
0,82;20,9;37,6;466;71,8;5,1;f;PK;53
1,22;28,6;51;581;85,2;7,6;f;PK;65
1,27;63,1;24,6;612;69,1;4,6;f;PK;46
3,28;70,2;53,2;432;65,9;6;f;PK;53
2,62;20,4;54,9;221;60,3;4,1;m;PK;14
1,82;117;43,1;270;70,1;3,9;f;PK;36
0,53;18;34,7;177;65,4;4,3;f;PK;30
1,94;47,3;41,9;314;70,9;4,4;f;PK;47
1,69;162;54,9;629;82,2;5,8;f;PK;34
2,36;10,8;27,5;229;73,9;4,1;f;PK;28
0,39;12,5;36,8;299;77,2;4,4;f;PK;48
5,29;39,9;31,2;314;62,1;3,6;f;PK;14
5,47;37,7;47;236;92,7;7,4;f;Sakhalin;56
3,79;34,7;29,2;297;81,2;5,9;f;PK;45
0,75;59,3;44,8;456;81,2;7,3;f;PK;62
2,03;23,2;35;490;65,2;5,1;f;PK;58
1,71;9,6;58,6;212;67;5,1;f;PK;45
1,27;107;93,1;302;73;4;f;PK;52
1,11;56;83,9;738;87,8;5,2;f;PK;80
2,44;46,4;60,6;333;91,7;6,8;m;PK;33
2,84;25,3;17,5;111;94,3;6,3;f;PK;76
0,77;10;34,6;680;70,7;5;f;PK;33
1,38;3,7;31,9;455;73;5,54;f;Khabarovsk;56
2,25;43,2;65,4;660;61;4,38;f;Khabarovsk;26
1,14;62,2;55,1;483;63;4,76;f;Khabarovsk;47
1,85;69;23,4;215;78;7,15;f;Khabarovsk;49
1,59;43;34,6;274;79;5,5;f;Khabarovsk;63
1,15;34,3;32,1;564;74;4,57;f;Khabarovsk;41
2,19;9,2;28,3;902;72;4,78;f;Khabarovsk;32
2,14;16,3;26,8;2084;74;6,5;f;Khabarovsk;47
2,07;61,8;73,8;535;80;7,01;m;Khabarovsk;53
1,78;53,1;66,1;331;75;4,91;f;Khabarovsk;54
3,6;17,2;18,9;350;80;5,07;f;Khabarovsk;69
2,84;9,6;49,5;111;68;3,96;f;Khabarovsk;23
3,68;2,9;40,5;144;77;5,95;f;Khabarovsk;36
0,98;35,3;47,7;263;93;6,78;m;Khabarovsk;50
3,95;62,5;26,4;195;73;5,07;f;Khabarovsk;73
5,04;7,8;13,2;178;73;6,8;f;Khabarovsk;44
2,19;7,8;22,4;239;75;5,07;f;Khabarovsk;41
2,7;50,6;24,7;184;86;4,58;f;Khabarovsk;40
1,77;5,9;33,4;243;85;3,72;f;Khabarovsk;25
3,11;60,2;22,5;169;89;3,84;f;Khabarovsk;86
3,66;1,5;32,4;111;60;5,28;f;Khabarovsk;48
2,3;31,2;79,4;476;77;3,85;f;Khabarovsk;42
0,61;46,9;30,9;507;89;5,24;f;Khabarovsk;60
2,36;25,8;67,1;223;69;3,99;f;Khabarovsk;32
1,74;14,1;48,2;444;80;6,24;f;Khabarovsk;42
1,08;64,9;25,9;687;73;8,03;f;Khabarovsk;67
1,86;9,7;36,1;166;67;7,88;f;Khabarovsk;60
2,11;19,1;30,5;269;41;5,11;m;Khabarovsk;8
6,04;52,4;55,9;401;75;5,53;f;Khabarovsk;52
1,12;5,5;12,5;390;78;7,06;f;Khabarovsk;53
0,98;13,5;23;360;81;4,08;f;Khabarovsk;44
3,66;47,2;18,1;646;68;7,41;f;Khabarovsk;58
2,44;11,6;24,8;247;76;3,81;f;Khabarovsk;37
2,29;191;25,5;246;68;7,02;f;Khabarovsk;60
1,33;68,9;14,7;148;123;4,95;m;Khabarovsk;64
0,98;73,8;10,6;553;88;4,97;m;Khabarovsk;28
0,02;9,3;27,2;556;76;5,41;f;Khabarovsk;35
0,66;34,1;34,2;653;77;5,73;f;Khabarovsk;74
3,59;23,4;17,3;294;64;4,24;f;Khabarovsk;22
0,7;18,8;36,4;310;70;6,16;f;Khabarovsk;47
3,07;4,6;27,9;167;80;6,85;f;Khabarovsk;45
3,07;27,9;31,3;281;74;5,05;f;Khabarovsk;54
1,1;41,7;52,6;266;96;6,49;f;Khabarovsk;63
0,75;12,1;34,4;281;74;4,34;f;Khabarovsk;29
3,13;36,9;42,2;272;76;6,11;f;Khabarovsk;55
2,59;13;22,9;172;81;4,92;f;Khabarovsk;52
0,6;0,6;23,2;475;67;5,73;f;Khabarovsk;41
3,3;20,7;49,6;148;61;4,51;f;Khabarovsk;46
1,92;30,2;23,4;255;65;5,25;f;Khabarovsk;47
2,06;47;33,2;465;55;5,25;f;Khabarovsk;40
2,06;76,2;39,1;231;91;5,01;m;Khabarovsk;36
1,59;9,5;29,2;376;98;5,29;f;Khabarovsk;27
1,83;209,2;30,8;328;106;4,7;m;Khabarovsk;54
0,95;25,3;34,9;148;67;4,8;f;Khabarovsk;30
2,1;10;34;190;72;5,32;f;Khabarovsk;49
2,12;16,1;24,9;458;74;6,75;f;Khabarovsk;46
3,75;15,6;32,5;544;72;6,47;f;Khabarovsk;64
1,17;52;32,8;324;90;5,84;m;Khabarovsk;59
1,28;34,9;41,8;305;74;6,18;f;Khabarovsk;62
2,6;349,1;24,7;657;81;3,96;m;Khabarovsk;59
3;20,9;38,5;489;82;5,61;f;Khabarovsk;37
1,79;34,4;27,8;566;75;7,26;f;Khabarovsk;63
2,9;13,8;31,1;446;60;6,1;f;Khabarovsk;42
2,92;23;15,7;223;44;3,66;f;Khabarovsk;16
1,1;3,2;20;235;62;3,37;f;Khabarovsk;25
2,93;38,2;25,2;187;81;4,88;f;Khabarovsk;43
1,66;54,3;60,3;682;109;4,85;m;Khabarovsk;34
1,62;162,8;25,1;564;93;5,47;m;Khabarovsk;36
1,27;6,4;20,2;382;80;6,87;f;Khabarovsk;36
1,41;129,6;66,4;228;101;6,31;m;Khabarovsk;42
0,01;23,9;38,7;353;74;5,02;f;Khabarovsk;45
1,6;40;32,9;311;94;6;m;Khabarovsk;53
0,84;19,3;31,5;274;72;4,45;f;Khabarovsk;36
4,28;69,6;22,3;303;71;6,37;f;Khabarovsk;53
1,45;49,6;19,9;300;85;5,95;m;Khabarovsk;41
1,61;58,3;21,4;299;54;6,55;f;Khabarovsk;59
2,58;22,2;28;615;76;4,28;f;Khabarovsk;63
1,39;33,7;36,4;354;67;6,47;f;Khabarovsk;58
2;71,1;19,9;489;73;5,35;f;Khabarovsk;62
1,92;9,1;24,2;714;80;6;f;Khabarovsk;47
0,86;11,5;33,3;586;64;3,97;f;Khabarovsk;43
2,3;11,6;42,8;609;90;4,92;f;Khabarovsk;29
2,13;42,7;11,9;171;83;6,41;f;Khabarovsk;67
0,58;18;31,2;207;70;8,11;f;Khabarovsk;69
1,82;34,8;17,9;3392;103;3,03;f;Khabarovsk;58
1,78;82,3;34,5;404;95;7,97;m;Khabarovsk;52
2,35;37,6;41,4;127;90;6,51;m;Khabarovsk;49
3,61;5,9;39,4;152;85;4,75;f;Khabarovsk;42
2,03;90,9;86,8;475;69;5,65;f;Khabarovsk;62
2,02;27,1;38,2;539;71;6,35;f;Khabarovsk;51
3,16;8,1;49,2;462;82;5,36;f;Khabarovsk;50
2,49;29,5;29,1;221;69;5,53;f;Khabarovsk;41
2,25;38,7;43,7;329;79;4,32;f;Khabarovsk;48
1;24,8;38,1;149;71;6,63;f;Khabarovsk;40
2,42;45,2;42,3;359;92;4,96;f;Khabarovsk;62
2,25;4,7;43,8;674;80;4,66;m;Khabarovsk;68
11,1;41,7;20,1;486;78;6,59;f;Khabarovsk;61
2,09;113,5;28,6;610;92;8,02;m;Khabarovsk;58
1,14;15,2;70,7;452;80;4,85;f;Khabarovsk;38
4,1;31,6;75,2;488;72;5,03;f;Khabarovsk;35
0,96;19,8;46,1;145;94;7,44;m;Khabarovsk;64
3,78;1,3;43;183;76;4,85;f;Khabarovsk;42
3,81;30,9;29,9;349;69;6,86;f;Khabarovsk;72
1,98;12,3;27,2;344;78;5,04;f;Khabarovsk;46
2,34;77,7;22,2;333;65;3,55;f;Khabarovsk;48
1,24;70,2;42,4;473;130;7,29;f;Khabarovsk;56
0,01;10,3;25,2;283;66;5,19;m;Khabarovsk;52
19,1;50,5;38,6;402;71;6,66;f;Khabarovsk;56
1,3;2,9;24,7;488;71;4,41;f;Khabarovsk;36
1,31;4,2;21,5;391;91;7,33;f;Khabarovsk;65
1,29;5,7;18,1;563;73;5,72;f;Khabarovsk;50
2,67;92,8;24,5;574;71;6,45;f;Khabarovsk;75
0,61;7,3;24;416;69;5,99;f;Khabarovsk;52
3,29;48,1;16,6;295;82;4,95;f;Khabarovsk;45
0,8;69,7;25,3;132;111;6,09;m;Khabarovsk;59
1,41;7,4;20,9;669;54;4,75;m;Khabarovsk;12
1,07;66,8;31,5;375;61;5,31;f;Khabarovsk;75
1,54;24,6;31,4;190;95;6,06;m;Khabarovsk;47
1,71;6,1;34,7;333;79;5,06;f;Khabarovsk;47
2,42;68,5;19,1;621;92;5,29;m;Khabarovsk;40
1,35;63,7;49,4;663;87;5,71;f;Khabarovsk;67
0,38;16;36,7;550;67;5,58;f;Khabarovsk;48
2,42;4,9;24,3;198;76;6,95;f;Khabarovsk;31
2,45;34,6;34,2;236;91;11,98;f;Khabarovsk;63
4,11;21;32,5;173;92;5,76;f;Khabarovsk;50
0,75;8,8;19,1;119;80;4,17;f;Khabarovsk;36
1,66;36,3;28,1;321;70;5,31;f;Khabarovsk;60
2,47;24,3;22,5;398;90;4,17;f;Khabarovsk;37
1,79;43,3;28;722;62;4,93;f;Khabarovsk;53
2,02;133,1;55,2;469;72;5,61;f;Khabarovsk;52
1,61;11,6;31;347;77;7,01;f;Khabarovsk;51
1,91;8,4;44,7;491;70;5,96;f;Khabarovsk;36
2,16;8;28,5;490;54;4,06;m;Khabarovsk;10
4,51;50,6;31,9;607;84;8;f;Khabarovsk;60
1,29;13,4;22,8;435;87;6,63;f;Khabarovsk;33
0,96;172,8;21,3;287;83;4,7;m;Khabarovsk;39
1,93;24;36,6;300;88;5,83;f;Khabarovsk;52
2,44;18,6;17,7;431;67;6,55;f;Khabarovsk;46
1,05;93,1;31;471;68;4,46;f;Khabarovsk;36
0,42;88,1;20,9;272;84;5,99;f;Khabarovsk;65
0,85;71,2;30,1;259;65;7,39;f;Khabarovsk;72
1,39;44,8;24,1;2406;61;6,07;f;Khabarovsk;38
1,76;42,9;15,8;448;141;4,93;f;Khabarovsk;68
1,62;9,5;26,2;352;83;5,65;f;Khabarovsk;42
1,48;23,2;38,7;342;76;4,85;f;Khabarovsk;31
1,55;45;43,1;632;50;4,8;f;Khabarovsk;21
3,06;14,9;17,2;189;62;4,79;f;Khabarovsk;19
1,35;2,3;30,6;173;63;5;f;Khabarovsk;49
1,77;30,2;22,7;663;75;6,34;f;Khabarovsk;68
2,23;24,1;34,1;179;89;3,44;m;Khabarovsk;43
5,38;27,4;19,5;530;68;7,64;f;Khabarovsk;72
2,17;13,3;24,6;274;73;4,36;f;Khabarovsk;40
3,25;17,1;29,9;384;70;6,97;f;Khabarovsk;43
1,11;59;39,3;272;83;7,12;f;Khabarovsk;49
1,91;8,5;19,1;205;81;3,74;f;Khabarovsk;41
1,66;34;22,6;288;66;4,5;f;Khabarovsk;33
1,91;14,6;21,7;375;79;6,43;f;Khabarovsk;55
0,97;8,5;25,5;513;80;7,04;f;Khabarovsk;68
2,41;36,2;11,6;589;69;5,91;f;Khabarovsk;45
1,09;47,1;22,9;175;113;3,98;f;Khabarovsk;57
4,38;12,1;27,3;533;83;5,64;f;Khabarovsk;49
2,85;17,9;62,9;446;99;6,85;f;Khabarovsk;55
2,68;14,8;22,7;387;84;5,58;f;Khabarovsk;43
1,91;10,7;27,6;235;60;5,94;f;Khabarovsk;42
7,13;10,9;29,6;342;77;4,53;f;Khabarovsk;45
1,14;9,5;29,7;338;76;4,37;f;Khabarovsk;42
2,28;15,4;18,7;300;100;3,28;m;Khabarovsk;23
4,94;38,7;14,9;3689;73;6,13;f;Khabarovsk;61
11,3;4,6;12,5;573;67;5,83;f;Khabarovsk;64
0,86;19,4;43,4;179;87;4,99;m;Khabarovsk;60
1,09;22,2;14,9;151;99;3;m;Khabarovsk;90
3,92;46,6;46,1;2213;76;4,48;f;Khabarovsk;58
2,2;70,9;17,3;224;75;4,34;f;Khabarovsk;88
3,73;26,2;23,6;305;72;5,03;f;Khabarovsk;37
1,1;29,8;31,1;260;67;5,55;f;Khabarovsk;44
2,21;44,9;17,5;703;138;6,67;m;Khabarovsk;71
0,89;67,5;28,3;242;90;5,32;f;Khabarovsk;53
1,13;4,2;29;255;64;5,91;f;Khabarovsk;60
1,64;23,9;24,5;484;73;6,59;f;Khabarovsk;61
1,36;1,7;12,1;550;61;4,19;f;Khabarovsk;36
3,7;146,1;18,7;336;82;7,08;f;Khabarovsk;51
0,96;8,3;34,8;172;56;4,32;f;Khabarovsk;51
0,73;9,4;11,9;214;73;3,52;f;Khabarovsk;35
1,6;81,4;20,4;236;71;4,48;f;Khabarovsk;68
1,33;31;17,7;539;74;7,67;f;Khabarovsk;57
0,82;14,1;25,2;299;62;4,35;f;Khabarovsk;45
2,42;28,8;19;148;67;5,41;f;Khabarovsk;38
1,62;43,5;18,5;691;68;8,41;f;Khabarovsk;60
3,41;17,2;54,7;2213;79;5,03;f;Khabarovsk;56
2,38;3,1;20,5;542;81;4,69;f;Khabarovsk;37
2,79;50,4;35,7;415;91;6,39;f;Khabarovsk;80
7,53;26,8;29,6;245;71;5,12;f;Khabarovsk;68
0,6;5,3;33,1;363;58;4,44;f;Khabarovsk;41
3,32;15,3;36,7;235;72;6,14;f;Khabarovsk;40
1,03;14;10;187;60;4,31;f;Khabarovsk;44
1,37;128,6;30,6;1674;69;9,07;f;Khabarovsk;61
2,17;46;36;340;80;5,25;f;Khabarovsk;56
2,37;31,1;21,7;466;83;4,54;f;Khabarovsk;82
3,18;9;15,7;310;71;7,14;f;Khabarovsk;51
2,93;17,6;43,5;428;76;5,08;f;Khabarovsk;46
2,22;13,8;47,8;223;64;5,39;f;Khabarovsk;39
1,01;333,9;37,1;274;76;4,65;m;Khabarovsk;39
2,22;40,2;23,9;394;83;6,92;f;Khabarovsk;48
2,19;49,9;21,6;696;60;6,7;f;Khabarovsk;74
3,14;14,1;21,4;156;79;5,28;f;Khabarovsk;37
1,72;13,3;44,3;313;83;4,75;f;Khabarovsk;52
1,56;21,6;29,1;286;63;4,32;f;Khabarovsk;34
3,11;2,9;36,7;668;74;4,63;f;Khabarovsk;45
0,26;47,3;22,5;160;68;5,8;f;Khabarovsk;37
2,68;18,2;25,5;410;66;5,28;f;Khabarovsk;33
0,99;162,8;46,3;546;86;5,19;m;Khabarovsk;31
2,83;42,1;25,9;403;66;4,9;f;Khabarovsk;68
4,42;2,3;24,5;383;68;6,39;f;Khabarovsk;44
2,58;10,3;31,1;383;64;5,1;f;Khabarovsk;40
1,42;9,6;36,2;315;100;5,28;m;Khabarovsk;45
1,56;22,2;31,9;541;83;8,59;f;Khabarovsk;51
1,59;30,6;13,2;184;72;6,43;f;Khabarovsk;32
4,04;10,7;28,9;221;89;5,18;f;Khabarovsk;36
2,34;195;19,3;321;88;6,35;f;Khabarovsk;61
1,49;190,7;35,9;617;92;5,87;f;Khabarovsk;69
1,71;26;39,1;644;84;4,48;m;Khabarovsk;49
0,99;15,4;34,2;236;73;5,56;f;Khabarovsk;46
1,68;35,1;42,1;334;64;4,69;f;Khabarovsk;75
1,22;30,9;34,8;716;81;5,75;f;Khabarovsk;55
1,64;21,6;18,7;394;81;4,66;f;Khabarovsk;22
1,73;28,7;25,5;426;75;6,6;f;Khabarovsk;42
1,17;68,3;25,6;363;85;4,78;m;Khabarovsk;31
4,74;40,5;25,6;654;74;6,3;f;Khabarovsk;69
2,78;30;24,3;382;89;5,24;f;Khabarovsk;74
1,93;11,5;25,4;185;66;5,01;f;Khabarovsk;35
2,39;20,3;20,4;452;69;5,77;f;Khabarovsk;29
0,82;32,5;53,9;379;93;3,77;m;Khabarovsk;47
2,43;13,1;26,7;169;73;4,5;f;Khabarovsk;29
1,48;4,8;22,1;645;67;5,81;f;Khabarovsk;48
1,22;12,9;28,5;561;45;3,88;f;Khabarovsk;13
0,96;8;32,6;444;76;4,39;f;Khabarovsk;34
2,59;2,2;18,4;433;69;6,38;f;Khabarovsk;48
2,48;126;41,2;224;84,3;6,44;f;Khabarovsk;56
0,31;35;35;518;73;4,34;f;Khabarovsk;38
1,99;359,6;20,7;323;94,45;5,43;f;Khabarovsk;66
2,35;11,7;51,8;463;95,4;7,32;f;Khabarovsk;60
0,2;22,9;43,5;158;77;5,76;m;Khabarovsk;58
0,94;104,1;37,7;438;91;8,03;f;Khabarovsk;53
2,7;4,5;45,9;111;77;4,15;f;Khabarovsk;55
6,02;14,9;34,9;114;72,3;4,67;f;Khabarovsk;40
3,8;71,3;17,2;218;78;6,19;f;Khabarovsk;42
3,08;180;38,5;313;86,8;6,62;f;Khabarovsk;86
0,37;141,1;40,6;227;93;5,86;m;Khabarovsk;55
1,15;108,8;33,7;652;72;7,04;m;Khabarovsk;70
1,46;43,6;48,7;275;87,5;4,95;f;Khabarovsk;38
1,18;25,1;39,5;353;89,27;6,61;f;Khabarovsk;56
2,1;49;21,6;268;83,7;5,76;f;Khabarovsk;64
3,18;5;30,7;281;60,96;3,5;f;Khabarovsk;22
1,32;48,7;43,5;207;72,59;6,41;f;Khabarovsk;51
1,51;59,8;40;269;70,41;5,99;f;Khabarovsk;38
0,97;26,2;20,6;466;80;5,05;f;Khabarovsk;51
2,52;246;38,9;243;96,6;7,71;f;Khabarovsk;53
2,15;39,2;48,7;373;83,7;8,35;f;Khabarovsk;40
2,98;11,4;21,7;282;69,1;5,36;f;Khabarovsk;40
3,23;32,6;32,7;170;90,72;4,41;f;Khabarovsk;38
1,68;27,3;28,3;342;82;4,39;f;Khabarovsk;30
1,64;10,7;58,9;381;77;4,41;m;Khabarovsk;37
1,77;109,7;20,3;614;91;4,99;m;Khabarovsk;9
1,31;33,5;27,8;144;80,19;6,93;m;Khabarovsk;48
2,82;123;32,4;403;113;6,21;f;Khabarovsk;48
1,52;5;24,2;356;69,06;4,04;f;Khabarovsk;38
1,78;8,1;18,3;259;85;4,5;m;Khabarovsk;38
1,18;54;24,3;455;95;4,87;m;Khabarovsk;15
1,65;5;28,7;245;63,33;6,06;f;Khabarovsk;57
1,02;63,6;32,9;367;74;4,93;f;Khabarovsk;40
2,04;31,4;25;328;65,77;3,98;f;Khabarovsk;38
1,26;12,5;28,2;175;75,66;6,95;f;Khabarovsk;47
1,64;120;33;410;74,8;4,6;f;Khabarovsk;48
2,32;7,6;21,3;155;74,04;3,98;f;Khabarovsk;71
0,52;52,9;15,5;598;83;4,06;f;Khabarovsk;62
0,69;99,2;20,9;218;83,6;4,86;m;Khabarovsk;63
2,05;69,8;26,6;232;85;6,61;f;Khabarovsk;58
3,97;15,7;21,8;176;60;4,75;f;Khabarovsk;30
1,89;15,6;36,7;435;76,8;5,46;f;Khabarovsk;61
2,08;26,8;20,2;738;93,47;5,47;m;Khabarovsk;49
1,72;14,3;17,8;139;74,2;4,87;f;Khabarovsk;39
1,28;42,1;38,7;347;64;6,38;f;Khabarovsk;50
3,48;30,7;76;525;83;5,84;f;Khabarovsk;50
2,08;73,2;36,4;275;83;5,56;f;Khabarovsk;52
1,78;16,9;33,5;756;68;4,58;f;Khabarovsk;56
2,39;6,8;30,9;272;77;3,84;f;Khabarovsk;84
1,26;19,5;33,2;665;90;2,98;m;Khabarovsk;87
0,97;18,7;39,1;194;82;4,37;f;Khabarovsk;50
2,52;55,5;38,1;221;86,1;5,13;f;Khabarovsk;53
1,17;55,2;33,3;378;81,6;5,76;f;Khabarovsk;41
4,35;22;71,1;392;78,9;5,93;f;Khabarovsk;42
1,11;36,4;73,3;643;78,4;4,58;f;Khabarovsk;38
0,67;26,2;20,6;530;66;4,04;f;Khabarovsk;54
2,03;71,1;35,3;493;59;5,16;f;Khabarovsk;61
1,4;66;50,2;197;73,7;4,41;f;Khabarovsk;49
2,1;28;38,1;170;57,3;5,1;f;Khabarovsk;44
2,53;83,7;25,4;189;70;5,57;m;Khabarovsk;45
1,53;199,2;17,4;227;97;2,92;m;Khabarovsk;13
1,88;34,6;30,4;160;72;3,45;f;Khabarovsk;45
2,51;42,7;39,9;235;76;4,42;f;Khabarovsk;9
1,45;29,7;38,9;500;62,6;4,95;f;Khabarovsk;50
3,4;14,2;18,4;345;80;6,05;f;Khabarovsk;68
2,6;64,6;25,4;166;67;5,74;f;Khabarovsk;87
2,42;37,2;28,1;293;98;4,18;f;Khabarovsk;18
2,28;126;55,2;265;85,9;7,73;f;Khabarovsk;60
1,94;34;46,2;117;63,8;5,66;f;Khabarovsk;58
0,59;67,8;53;615;66,8;5,52;f;Khabarovsk;42
2,26;67,3;35;187;69,8;6,27;f;Khabarovsk;65
1,71;37,9;44,6;328;65,2;5,79;m;Khabarovsk;59
4,47;43,6;50,5;535;91,2;6,12;f;Khabarovsk;56
1,14;13,3;18,1;221;77;9,74;m;Khabarovsk;53
0,89;19,9;23,5;382;78;4,18;f;Khabarovsk;74
0,97;28,6;65,6;404;68,7;5,33;f;Khabarovsk;76
1,14;33;41,1;362;71;5,83;f;Khabarovsk;58
0,96;25,3;30,9;341;73,87;4,38;f;Khabarovsk;33
3,37;9,5;84,9;440;75;4,43;f;Khabarovsk;45
1,28;5,7;16,3;183;66;4,62;f;Khabarovsk;33
1,75;46,8;52,2;188;80;2,59;f;Khabarovsk;29
0,01;37;25,8;587;88;6,6;m;Khabarovsk;62
1,25;64,1;22,8;514;80;3,53;f;Khabarovsk;50
1,44;26,3;61;300;106,7;5,58;m;Khabarovsk;44
1,72;253,6;48,2;348;100;6,26;f;Khabarovsk;52
1,87;68;31,2;165;94,6;4,29;f;Khabarovsk;58
1,88;1,8;23,9;373;62;6,17;f;Khabarovsk;67
0,41;102,1;70,3;488;93,7;5,12;f;Khabarovsk;42
1,12;37,7;12,8;276;71,49;8,39;f;Khabarovsk;45
1,17;30,7;31;426;77;6,09;f;Khabarovsk;44
2,5;17,1;30,6;320;68,06;6,73;m;Khabarovsk;59
1,46;105,8;31,5;718;99;5,29;m;Khabarovsk;31
1,78;25,1;28,2;217;91;6,43;f;Khabarovsk;66
1,89;364,1;26,8;536;67;6,7;m;Khabarovsk;67
3,67;217,5;30;229;69,3;3,56;f;Khabarovsk;18
2,65;8,1;55,5;291;107,6;5,83;m;Khabarovsk;44
5,43;17,9;8,5;257;92;7,82;f;Khabarovsk;53
0,89;55;40,6;208;71,2;5,74;f;Khabarovsk;51
1,44;84,1;33,5;456;70,93;6,93;f;Khabarovsk;69
1,78;97,1;40,8;380;71,12;5,67;f;Khabarovsk;81
2,63;48,3;49,8;382;78,6;10,67;f;Khabarovsk;50
3,08;43,1;42,8;423;66;4,39;f;Khabarovsk;60
2,1;8;44,4;392;76,63;7,1;m;Khabarovsk;51
4,37;50,4;39,6;603;82;6,37;f;Khabarovsk;56
1,85;21,9;41,9;230;89,5;4,73;f;Khabarovsk;46
0,91;7,3;44,4;139;75,5;5,97;f;Khabarovsk;51
0,02;29,5;18,9;738;69,14;3,96;m;Khabarovsk;15
3,16;95,9;29,4;315;84,6;7,22;f;Khabarovsk;83
1,54;14,4;67,7;242;76;7,65;f;Khabarovsk;56
5,1;65,2;20,3;327;81;6,35;f;Khabarovsk;41
1,64;36,2;82,2;738;65,9;6,61;f;Khabarovsk;65
2,52;24,7;53,5;193;68,3;4,29;f;Khabarovsk;39
1,98;75,6;31,8;452;77,7;6;f;Khabarovsk;48
1,4;35,4;34,6;514;70,43;4,57;f;Khabarovsk;34
1,79;5;94,6;497;79,15;4,15;f;Khabarovsk;54
2,49;26,2;49,7;169;83;4,15;m;Khabarovsk;56
1,68;168,6;15,3;264;87,75;5,38;m;Khabarovsk;46
1,41;134,1;39,9;345;97,5;6,54;f;Khabarovsk;46
9,95;12,1;72,5;325;92,8;5,89;m;Khabarovsk;64
2,76;9,8;27,7;385;95;7,15;f;Khabarovsk;59
2,92;11,1;22,1;307;85,06;6,64;f;Khabarovsk;66
2,02;35,8;23,4;267;59,13;6,96;f;Khabarovsk;44
1,47;64,1;34,4;214;84,1;5,49;f;Khabarovsk;37
0,65;35,7;14,4;371;80,98;5,48;f;Khabarovsk;41
1,19;52,6;75,5;444;83;6,92;f;Khabarovsk;29
2,21;176,2;30,1;162;71,85;5,85;f;Khabarovsk;63
3,5;60,5;26,3;371;89;5,93;m;Khabarovsk;37
1,8;118,3;29,4;272;86;5,6;f;Khabarovsk;42
0,63;16,3;22,9;320;71;3,49;f;Khabarovsk;41
0,34;27;30,6;282;76,3;3,6;f;Khabarovsk;59
0,95;110,2;33,3;440;80,87;4,61;f;Khabarovsk;69
0,86;43;22,7;342;69,67;3,69;f;Khabarovsk;25
1,78;36,4;62,2;369;66,6;6,98;f;Khabarovsk;56
2,13;18,5;13,4;341;85,29;4,06;f;Khabarovsk;40
1,82;60,8;47,9;738;81,6;5,47;f;Khabarovsk;38
1,13;18;45,4;122;81;3,84;m;Khabarovsk;25
9,54;120;36,6;413;80,4;3,74;f;Khabarovsk;28
0,59;83,3;35,1;257;70,3;5,12;f;Khabarovsk;74
1,45;8,3;40,5;248;77,3;5,71;m;Khabarovsk;69
4,49;88,6;23,1;266;105;5,34;f;Khabarovsk;68
0,42;4,69;18,9;289;85,8;6,02;f;Khabarovsk;56
1,8;16,4;31,4;294;66;5,02;f;Khabarovsk;59
1,48;14,2;24,7;317;55,74;5,4;f;Khabarovsk;49
1,19;89,9;53,2;272;94,2;6,81;f;Khabarovsk;56
1,16;39,1;59,1;122;99,61;5;m;Khabarovsk;62
1,86;155;31,4;221;79;6,15;f;Khabarovsk;62
0,89;5;12,7;183;75,19;4,57;m;Khabarovsk;57
0,56;23,9;31,9;285;65,7;5,36;f;Khabarovsk;58
1,39;22,9;26,1;311;76;6,07;m;Khabarovsk;39
1,26;45,2;23,3;383;85;6,25;m;Khabarovsk;35
1,46;4,2;28,9;286;62;6,35;f;Khabarovsk;43
4,91;9,4;26,5;385;66;4,27;f;Khabarovsk;40
2,22;133,1;20,3;511;72;7,6;f;Khabarovsk;69
1,13;15,8;23,2;626;71;4,94;f;Khabarovsk;38
0,99;2,1;22,7;395;67;5,43;f;Khabarovsk;31
2,11;8,9;16,9;208;52;4,4;m;Khabarovsk;14
2,44;26,8;15,7;263;51;5,89;f;Khabarovsk;15
1,34;42,9;17,2;346;71;6,75;f;Khabarovsk;36
1,65;30,4;25,2;358;77;5,86;f;Khabarovsk;61
2,84;19,3;17,7;261;67;5,36;f;Khabarovsk;66
0,6;9,4;35,1;377;66;4,44;f;Khabarovsk;74
2,5;14,7;27,8;272;76;4,5;f;Khabarovsk;48
0,29;29,7;27,1;419;75;5,13;f;Khabarovsk;44
1,54;19,4;27,8;311;71;4,05;f;Khabarovsk;45
1,93;26,5;16,7;217;67;4,96;f;Khabarovsk;56
1,17;34,7;16,8;556;74;5,98;f;Khabarovsk;61
1,91;52,6;45;197;98;5,98;m;Khabarovsk;51
1,91;43,9;31,1;181;79;6,42;f;Khabarovsk;39
1,89;34,5;14,7;201;75;4,74;f;Khabarovsk;43
1,72;156,9;43,9;592;73;5,96;m;Khabarovsk;58
2,72;16,3;25,7;565;53;6,05;f;Khabarovsk;44
2,8;56,7;21,4;297;79;5,78;f;Khabarovsk;65
0,5;55,5;30,8;257;64;5,14;m;Khabarovsk;55
1,95;17,4;37,8;302;41;7,31;f;Khabarovsk;15
1,5;3;53,8;161;80;5,01;f;Khabarovsk;48
0,66;52,3;37,9;280;69;5,86;f;Khabarovsk;35
1,9;43,9;18,2;305;67;5,79;f;Khabarovsk;72
7,22;14,9;16,8;266;78;5,19;f;Khabarovsk;71
1,66;91,8;57;500;66;5,29;f;Khabarovsk;31
1,05;10,1;28,9;238;70;5,49;f;Khabarovsk;48
2,25;16,8;19,6;192;74;5,54;f;Khabarovsk;38
1,62;2,4;21;257;67;5,62;f;Khabarovsk;40
2,73;223,8;12,8;692;97;3,49;m;Khabarovsk;61
20,4;33;23,8;510;79;7,23;f;Khabarovsk;55
4,12;7,6;32,6;356;84;5,3;f;Khabarovsk;60
1,55;8,1;18,2;194;67;6,71;f;Khabarovsk;68
1,64;2,2;25,9;219;71;6,38;f;Khabarovsk;40
1,76;2,1;26,1;205;62;6,84;f;Khabarovsk;51
2,02;35,8;16,9;463;51;4,7;f;Khabarovsk;57
1,36;77,7;24,8;418;96;7,71;m;Khabarovsk;50
1,25;5,3;35,8;665;67;5,72;f;Khabarovsk;41
2,03;35,1;27,8;345;69;4,74;f;Khabarovsk;35
0,97;19,9;26,2;361;84;5,47;f;Khabarovsk;61
2,04;12,1;30,7;376;72;4,73;f;Khabarovsk;50
1,79;38,5;17,7;252;94;6,61;f;Khabarovsk;72
1,1;50,5;31,1;312;67;5,69;f;Khabarovsk;56
0,96;34,6;54,6;195;78;4,87;m;Khabarovsk;47
1,87;15,3;24,7;220;83;5,47;f;Khabarovsk;42
1,47;10,9;25,2;416;75;5,31;m;Khabarovsk;37
3,24;33,8;31,5;620;71;6,49;f;Khabarovsk;37
2,1;52,9;32,3;407;69;7,61;f;Khabarovsk;59
3,81;8,7;49;179;78;5,98;f;Khabarovsk;72
1,67;48;104,6;291;89;4,16;f;Khabarovsk;49
1,8;10,6;22,9;148;65;4,81;f;Khabarovsk;49
0,94;26,7;32,9;312;69;4,7;f;Khabarovsk;35
3,03;9,2;36,1;317;91;6,18;f;Khabarovsk;52
1,88;4,7;27,5;445;76;5,88;f;Khabarovsk;45
1,32;0,3;19,4;165;72;6,5;f;Khabarovsk;45
3,27;10,8;24,6;246;72;6,08;f;Khabarovsk;74
3,18;31,9;22,5;151;71;6,24;f;Khabarovsk;57
1,74;139,2;40,9;600;85;5,99;f;Khabarovsk;65
1,14;11,2;21,2;390;75;7,78;f;Khabarovsk;56
3,52;92,8;24,1;301;90;6,07;m;Khabarovsk;57
2;48,6;196,6;476;107;4,83;f;Khabarovsk;41
3;191,9;21,6;280;89;5,19;m;Khabarovsk;31
1,73;26,8;29,6;502;73;5,07;f;Khabarovsk;47
2,2;25;36,9;289;118;4,98;m;Khabarovsk;44
3,93;123,9;34,9;687;94;5,79;m;Khabarovsk;43
1,68;31,2;26,5;385;70;4,52;f;Khabarovsk;43
2,05;95,5;28,3;453;74;7,71;f;Khabarovsk;66
2,14;20,8;28,6;281;78;4,82;f;Khabarovsk;77
2,05;4,5;39,3;228;62;6,19;f;Khabarovsk;39
0,32;3,9;12,1;449;63;5,48;f;Khabarovsk;54
0,99;11,1;19,4;287;61;4,7;f;Khabarovsk;38
5,53;12;28,5;270;85;7,8;f;Khabarovsk;66
3,28;9,2;16,1;318;77;6,79;f;Khabarovsk;62
1,74;4,4;23,2;373;66;5,91;f;Khabarovsk;54
1,06;34,5;30,7;245;103;6,02;m;Khabarovsk;34
1,15;51,8;35,1;222;79;6,1;f;Khabarovsk;62
1,88;127,1;29,1;303;60;5,91;f;Khabarovsk;71
1,12;233,7;33;594;74;5,28;m;Khabarovsk;48
1,12;13;25,3;969;58;4,77;f;Khabarovsk;41
1,11;10,1;33,7;246;83;4,05;f;Khabarovsk;44
1,55;138,5;37,6;494;98;4,19;f;Khabarovsk;71
1,58;14;26,6;517;72;5,31;f;Khabarovsk;31
1,96;139,1;29,1;389;90;5,71;m;Khabarovsk;61
1,88;87,5;41,2;458;93;7,96;f;Khabarovsk;58
0,67;17,1;24,6;440;75;6,58;f;Khabarovsk;43
5,23;19,8;28,2;251;67;7,13;f;Khabarovsk;58
1,81;7,8;32,7;188;68;5,45;f;Khabarovsk;52
1,23;11,8;26,1;403;64;4,58;f;Khabarovsk;42
1,52;32;29,4;699;73;4,16;f;Khabarovsk;40
2,55;20;35,7;534;57;5,13;f;Khabarovsk;50
1,56;17,5;55,7;457;73;5,61;f;Khabarovsk;70
0,94;4,1;36,7;494;65;6,42;f;Khabarovsk;39
0,76;37;14;254;64;5,16;f;Khabarovsk;74
1,35;22,5;68;733;84;4,31;f;Khabarovsk;23
3,46;11,9;12,3;187;57;3,54;f;Khabarovsk;19
0,96;30,3;27,6;322;70;7,57;f;Khabarovsk;56
2,23;12,2;26;133;74;6,37;f;Khabarovsk;49
3,69;36,6;40,9;443;75;4,95;f;Khabarovsk;32
3,18;22,8;34,9;846;71;6;f;Khabarovsk;64
0,86;12,4;27,2;415;67;5,51;f;Khabarovsk;60
2,1;105,4;37,3;378;78;6,21;f;Khabarovsk;62
1,52;108;39,2;251;93;4,59;m;Khabarovsk;32
2,24;214,4;39,6;297;101;6,7;m;Khabarovsk;43
1,47;55,2;23,9;261;75;5,88;f;Khabarovsk;65
2,69;12,5;22,7;351;78;6,4;f;Khabarovsk;39
2,51;27;24,2;114;86;6,99;m;Khabarovsk;67
0,84;11,8;27,6;210;88;6,32;f;Khabarovsk;61
1,98;22,5;79,5;290;112;5,3;m;Khabarovsk;36
0,89;49,6;30,1;469;77;4,82;m;Khabarovsk;35
1,6;140;18,8;227;83;6,95;f;Khabarovsk;59
2,15;15,4;32,2;381;73;5,13;f;Khabarovsk;44
1,2;33,2;37,6;111;77;5,19;f;Khabarovsk;38
2,55;10,6;10,1;210;75;5,83;f;Khabarovsk;53
0,98;25,7;33,7;475;93;4,99;f;Khabarovsk;40
2,15;39,2;79,9;546;80;7,56;f;Khabarovsk;63
1,42;79,3;35,8;276;90;3,27;m;Khabarovsk;53
1,91;7,5;38,5;528;94;3,49;f;Khabarovsk;55
1,28;8,8;17,7;390;68;7,72;f;Khabarovsk;66
6,22;168,7;19;529;79;8,78;f;Khabarovsk;64
2,63;21,2;40,9;524;57;4,46;f;Khabarovsk;33
3,18;24,5;149,3;111;83;4,68;f;Khabarovsk;53
1,45;10,6;17,4;426;71;5,6;f;Khabarovsk;58
2,49;38,7;96;241;84;4,68;f;Khabarovsk;53
1,35;26,8;29,8;291;65;4,32;f;Khabarovsk;32
0,8;4,8;19,7;456;73;6,64;f;Khabarovsk;50
2,7;71;30;252;80;3,83;f;Khabarovsk;32
0,89;15,6;83,8;319;76;4,31;f;Khabarovsk;23
1,94;40,4;162,2;533;74;5,24;f;Khabarovsk;48
1,46;5,6;37,5;111;68;5,93;f;Khabarovsk;70
3,49;66,2;25,3;239;88;6,82;f;Khabarovsk;73
1,56;33,1;30,1;504;91;5,71;m;Khabarovsk;55
2,42;73,9;33,2;441;75;6,88;f;Khabarovsk;57
2,05;13,1;13,5;267;62;4,36;f;Khabarovsk;41
0,51;38,3;21,2;138;80;5,29;m;Khabarovsk;32
1,55;2,2;31;364;78;4,56;f;Khabarovsk;38
3,76;9,7;8;198;83;4,48;m;Khabarovsk;83
15,4;48,2;26,5;290;65;10,39;f;Khabarovsk;70
2,08;136,4;51;670;85;5,75;f;Khabarovsk;51
2,36;34,4;22,5;229;84;5,21;f;Khabarovsk;48
1,87;0,6;38;237;51;8,67;f;Khabarovsk;46
1,38;187,2;11,2;198;91;5,17;m;Khabarovsk;35
1,95;21,7;34,6;130;73;8,02;f;Khabarovsk;70
2,67;12,6;25,9;215;87;5,13;f;Khabarovsk;39
2,12;21;22,3;197;67;5,48;f;Khabarovsk;38
0,68;16,3;18,2;300;74;5,4;f;Khabarovsk;36
4,32;21,8;32,8;176;82;5,14;f;Khabarovsk;68
1,32;18,5;32,3;278;67;4,9;f;Khabarovsk;48
1,52;20;39,7;274;120;6,71;m;Khabarovsk;61
9,86;17,4;29,9;353;69;5,11;f;Khabarovsk;63
1,9;140,5;21,5;738;103;6,15;m;Khabarovsk;46
1,65;19,6;46,1;335;68;4,09;f;Khabarovsk;49
2,5;13,7;43,7;356;90;6,37;f;Khabarovsk;48
2,68;87,1;12,8;187;61;5,07;f;Khabarovsk;66
3,4;1,5;23,8;324;71;5,76;f;Khabarovsk;43
1,3;37,2;40,2;282;67;4,32;f;Khabarovsk;44
0,95;161,8;22,6;628;79;7,01;f;Khabarovsk;73
3,13;32,3;41,6;583;57;6,39;f;Khabarovsk;41
2,46;26,9;43,5;886;73;7,07;f;Khabarovsk;48
2,49;7,8;27;353;77;3,66;f;Khabarovsk;47
2,74;25,2;32,2;447;67;5,1;f;Khabarovsk;32
0,93;15,8;15,3;213;68;5,51;f;Khabarovsk;28
1,2;9,6;26,4;300;82;5,57;f;Khabarovsk;40
7,54;108,5;27,3;187;104;7,45;f;Khabarovsk;56
1,25;287;42,7;240;84;5,66;m;Khabarovsk;48
0,53;95,6;26,8;571;87;4,97;f;Khabarovsk;62
3,3;65,1;42,8;617;65;5,99;f;Khabarovsk;46
3,09;49,1;31,7;257;92;5,57;m;Khabarovsk;36
2,15;48,3;30,5;578;68;7,21;f;Khabarovsk;63
1,79;9,6;24,5;179;70;7,87;f;Khabarovsk;57
0,88;45,8;36,8;173;52;6,32;f;Khabarovsk;60
3,65;88,6;29,3;604;67;6,03;f;Khabarovsk;66
2,42;28,2;36,6;370;78;7,41;f;Khabarovsk;56
1,34;37,3;33,9;618;66;6,28;f;Khabarovsk;63
1,59;105;39,3;458;88;3,75;m;Khabarovsk;58
3,67;51,9;35,9;514;82;6,37;f;Khabarovsk;56
1,5;75,5;37,9;187;111;3,78;m;Khabarovsk;46
1,55;26,4;64,8;702;81;4,25;f;Khabarovsk;48
1,62;17,1;34,8;283;90;4,12;m;Khabarovsk;20
1,14;39,6;24,2;384;66;5,81;f;Khabarovsk;53
0,91;76,3;34,6;238;99;5,83;m;Khabarovsk;52
1,15;13,5;18,8;165;66;5,84;f;Khabarovsk;51
3,57;7,5;29,3;276;81;4,68;f;Khabarovsk;29
2,23;34,6;98;505;83;6,08;f;Khabarovsk;59
2,97;13,3;32,2;201;83;4,82;f;Khabarovsk;23
0,92;9;17;174;61;5,19;f;Khabarovsk;44
4,49;21,1;35,6;211;68;6,08;f;Khabarovsk;57
1,07;74,1;38,5;399;96,2;5,81;m;Irkutsk;47
1,71;5;15,2;329;73,69;4,49;f;Irkutsk;29
1,65;32,8;72,8;453;72,51;6,73;f;Irkutsk;39
2,27;38,4;28,7;323;71,21;4,19;f;Irkutsk;40
2,12;5;32,9;248;87,3;4,87;f;Irkutsk;43
0,63;125,6;59,9;408;58,6;4,77;f;Irkutsk;55
3,06;5;90,8;470;76,71;5,77;f;Irkutsk;39
2,04;46,1;38,7;738;96,61;5,36;f;Irkutsk;83
3,33;57,7;11;311;73,8;4,23;f;Irkutsk;37
3,46;5;19,8;287;70,74;3,85;f;Irkutsk;27
1,34;5,7;30,8;294;56,6;2,54;f;Irkutsk;33
3,75;54,4;34,3;618;67,6;3,71;f;Irkutsk;65
2,19;15,2;36,2;280;84,6;4,04;f;Irkutsk;40
1,35;102,9;23,5;566;88,62;5,71;m;Irkutsk;38
1,7;6,5;25,8;311;97,46;6,02;f;Irkutsk;39
1,6;20,7;114,9;626;83,61;8,06;f;Irkutsk;61
1,05;22,7;27,8;192;75,63;5,17;f;Irkutsk;54
1,71;36,8;13,8;145;67,28;5;f;Irkutsk;24
4,66;6,3;23,2;322;52,89;3,96;f;Irkutsk;29
4,48;5,4;15,8;386;49,33;5;m;Irkutsk;11
1,71;304,9;33,1;342;106,68;7,51;m;Irkutsk;67
2,22;34,4;16,8;330;66,67;3,48;f;Irkutsk;35
2,5;41,2;19,7;447;57,12;5,09;f;Irkutsk;16
3,83;5;39,1;438;80,9;5,52;f;Irkutsk;43
1,37;36,7;29,4;175;79,5;5,96;f;Irkutsk;40
8,22;21,1;18,1;425;69,8;5,35;f;Irkutsk;50
3,59;109,8;36,9;178;96,24;3,84;m;Irkutsk;37
0,34;116,3;79,6;365;82,77;5;f;Irkutsk;34
1,49;203,5;21,4;274;89,99;6,33;f;Irkutsk;41
2,13;9,9;35;491;75,54;3,1;f;Irkutsk;33
1,48;14,1;11,4;167;65,5;3,47;m;Irkutsk;17
1,16;5,5;34,5;311;70,92;4,75;f;Irkutsk;37
1,1;52,5;31;547;70,46;5,99;f;Irkutsk;53
2,42;5;46,1;111;67,24;4,24;f;Irkutsk;37
2,23;13,9;57,1;223;76,89;5,22;f;Irkutsk;46
3,53;36,2;13,1;671;81,95;5,92;f;Irkutsk;58
0,69;5;22,9;738;77,3;5,84;f;Irkutsk;48
4,01;5;20,2;152;54,63;3,88;f;Irkutsk;18
1,66;117,6;39,7;160;93,74;4,27;m;Irkutsk;52
1,08;176,8;33,8;618;93,92;5,07;m;Irkutsk;39
2,12;94,7;39,7;246;62,61;4,82;f;Irkutsk;35
3,01;17,9;109,7;626;68,22;5,1;f;Irkutsk;39
1,16;23,5;22,3;176;63,85;4,47;f;Irkutsk;30
1,21;58,7;15,8;302;74,4;3,91;f;Irkutsk;50
7,6;151,8;45,9;296;69,27;6,66;f;Irkutsk;71
0,95;15,3;46,4;239;63,29;7,31;f;Irkutsk;67
4,32;93,7;23,8;258;73,85;7,83;f;Irkutsk;61
3,11;24;11,1;2213;67;4,19;f;Irkutsk;86
5,31;5;17,1;187;75,29;6,11;f;Irkutsk;35
1,5;80,5;49;659;98,33;4,62;m;Irkutsk;32
1,19;45,5;52;172;70,32;3,8;f;Irkutsk;31
0,96;200,5;21,4;454;67,52;4,4;f;Irkutsk;84
2,77;42,9;25,2;162;65,38;4,72;f;Irkutsk;43
6,14;98,7;18;343;76,23;5,72;f;Irkutsk;62
0,95;66,6;20,8;402;104,3;5,22;m;Irkutsk;31
1,44;10;19,5;283;87,3;4,6;f;Irkutsk;40
2,01;48,2;34,1;632;90,85;4,58;f;Irkutsk;41
7,28;35,2;19,5;426;84,25;5,4;f;Irkutsk;35
3,51;8,1;23,3;136;69,06;3,66;f;Irkutsk;28
1,46;43,9;97,1;409;72,72;5,16;f;Irkutsk;55
1,06;95,2;32;691;58,56;4,66;f;Irkutsk;62
1,91;122,5;40,9;246;63,61;4,71;f;Irkutsk;28
2,3;22,4;17,8;738;70,53;3,5;f;Irkutsk;38
1,06;32;25,2;452;63,66;5,17;f;Irkutsk;50
1,06;29,1;36,1;227;88,65;4,12;f;Irkutsk;73
2,09;52,3;31,8;352;80,18;6,48;m;Irkutsk;55
1,35;190,8;35,1;577;97,11;5,24;m;Irkutsk;36
1,42;30,5;30;383;70,78;5,4;f;Irkutsk;43
1,22;358,6;16,2;319;106,41;5,47;f;Irkutsk;55
1,65;16,1;23,6;366;83,9;4,28;m;Irkutsk;47
2,69;33,4;62,1;227;69,09;3,83;f;Irkutsk;55
1,58;55,9;41,2;313;66,54;6,71;f;Irkutsk;43
1,58;55,9;41,2;313;66,54;6,71;f;Irkutsk;61
3,99;106;18,7;198;103,89;4,93;m;Irkutsk;52
1,23;7,8;36,2;571;35,21;2,97;m;Irkutsk;6
2,67;5;26,1;412;63,77;4,51;f;Irkutsk;35
2,31;5;18,6;251;63,33;2,99;f;Irkutsk;37
2,63;87,4;25,7;319;75,86;6,98;f;Irkutsk;59
1,59;5;37;217;63,14;5,28;f;Irkutsk;45
1,81;55,5;29,5;237;78,07;5,77;f;Irkutsk;59
3,45;152,6;22;198;83,2;5,14;f;Irkutsk;70
3,42;14,3;18,6;294;87,02;6,7;f;Irkutsk;52
6,39;7,1;31,7;145;82,09;5,04;f;Irkutsk;64
2,07;26,7;26,8;189;96,84;5,75;m;Irkutsk;75
2,35;103;74,3;564;63,4;6,62;f;Irkutsk;49
1,22;45;159,8;499;62,91;6,01;f;Irkutsk;75
1,08;47,4;29,1;152;79,6;5,8;f;Irkutsk;61
10,1;10,5;8,3;117;78,07;6,6;f;Irkutsk;84
1,57;14,4;27,5;325;77,45;5,55;f;Irkutsk;53
0,33;40,8;30,6;175;88,48;6,51;m;Irkutsk;59
3,74;30,1;8,7;158;70,44;5,02;f;Irkutsk;64
1,26;142,3;40,1;334;64,58;5,79;f;Irkutsk;56
0,97;248,5;36,3;499;0;3,44;f;Irkutsk;72
3,69;287,2;37,1;321;114,77;7,98;m;Irkutsk;55
1,77;42,9;37,8;407;86,15;5,89;f;Irkutsk;55
1,12;121,2;43,1;260;76,82;5,17;f;Irkutsk;52
0,8;17,5;19,1;168;73,87;3,49;f;Irkutsk;36
1,19;178,5;18,9;408;89,58;6,46;m;Irkutsk;55
1,58;9,8;19,5;531;68,4;6,28;f;Irkutsk;54
1,61;5;31,7;383;56,72;7,29;f;Irkutsk;38
1,75;17,1;26;508;77,58;5,14;f;Irkutsk;38
2,75;35,5;33,5;263;55,34;5,33;f;Irkutsk;47
2,57;15,3;84,7;484;64,68;3,31;f;Irkutsk;23
3,27;8,4;39,1;375;81,64;4,33;f;Irkutsk;41
1,51;28;34,1;379;59,65;4,71;f;Irkutsk;43
1,47;12,4;37,9;170;71,54;5,16;f;Irkutsk;33
0,89;85;34,5;403;86,01;4,09;f;Irkutsk;87
3,82;43,5;32,7;378;54,52;7,84;f;Irkutsk;68
1,19;26,5;47;589;67,17;4,84;f;Irkutsk;43
1,07;5;28;166;74,34;7,17;f;Irkutsk;53
1;19,3;41,3;184;69,23;4,51;f;Irkutsk;56
1,96;22,9;30,8;239;70,21;4,86;f;Irkutsk;43
0,88;30,9;47,5;528;72,32;4,83;f;Irkutsk;49
1,12;178,8;33,2;387;93,53;6,6;m;Irkutsk;39
2,44;8,7;41,3;348;77,45;3,9;f;Irkutsk;33
0,94;93,3;17,4;435;62,22;5,35;f;Irkutsk;56
1,5;131,2;32,2;286;102;5,22;f;Irkutsk;59
0,95;24;20,6;349;86,97;4,78;f;Irkutsk;40
3;10;30,6;229;74,65;4,42;f;Irkutsk;36
1,98;41,3;45,2;299;77,42;6,11;f;Irkutsk;60
1,35;139,2;21,9;151;73,29;5,9;f;Irkutsk;63
2,17;64,6;30,4;115;60,31;4,15;f;Irkutsk;70
1,26;104;22,7;429;60,72;5,73;f;Irkutsk;61
1,36;25,5;37,7;533;78,25;7,25;f;Irkutsk;53
1,45;83,7;34,9;230;76,7;6,74;f;Irkutsk;66
0,75;5,6;11,6;214;60,67;3,97;f;Irkutsk;21
2,21;5;32,2;172;76,93;5,47;f;Irkutsk;53
1,17;15,3;17,3;232;85,41;6,06;f;Irkutsk;48
0,91;330,8;29,1;230;70,59;5,7;m;Irkutsk;60
1,17;64,5;36,3;177;65,07;6,47;f;Irkutsk;57
2,4;11,9;36,5;157;72,98;6,86;f;Irkutsk;75
1,02;105,9;27,1;227;91,16;5,4;m;Irkutsk;36
3,54;83,3;36,8;218;82,26;5,62;f;Irkutsk;42
1,46;16,2;21,2;1119;67,37;4,19;f;Irkutsk;82
1,75;32,4;18,3;517;58,07;6,57;f;Irkutsk;46
2,49;14,9;13,2;286;86,04;6,45;f;Irkutsk;43
2,28;5;16,5;477;74,2;5,65;f;Irkutsk;56
1,79;30;43,7;147;63,51;4,03;f;Irkutsk;19
2,17;33,6;19,9;221;80;4,38;f;Irkutsk;48
1,46;45,1;32,1;325;77,9;3,33;f;Irkutsk;37
1,05;134,4;20,5;349;92,51;3,21;m;Irkutsk;37
1,84;5,7;28,1;279;82,77;6,04;f;Irkutsk;36
1,42;143,3;22,9;588;95,33;5,87;m;Irkutsk;41
0,75;57,9;15,3;201;68,4;4,54;f;Irkutsk;59
2,33;573,3;46;416;77,75;5,77;m;Irkutsk;50
0,42;12;41,4;218;80,47;5,04;f;Irkutsk;33
3,35;40,4;26,5;193;70,27;5,52;f;Irkutsk;53
3,37;24;11,7;577;94,07;4,77;f;Irkutsk;46
2,01;163;17,5;198;90,8;5,06;m;Irkutsk;43
1,67;5;30,3;738;68,31;5,94;f;Irkutsk;41
1,41;10,1;30,2;553;72,16;5,08;f;Irkutsk;31
3,15;33,3;45;322;77,45;3,69;f;Irkutsk;38
0,09;67,7;20,2;192;75,59;6,41;f;Irkutsk;53
1,23;5;24,2;111;61,9;4,58;f;Irkutsk;47
1,95;37,3;31,7;227;62,8;4,54;f;Irkutsk;59
1,04;36,4;18,4;260;75,06;5,78;f;Irkutsk;53
1,75;174;16,5;187;89,01;5,8;f;Irkutsk;79
2,83;78,3;34;255;86,5;6,14;m;Irkutsk;71
2,36;13,3;44,4;193;70,61;3,36;f;Irkutsk;32
1,55;133,3;15,6;405;77,42;7,42;f;Irkutsk;71
1,25;19,3;42,9;738;76,89;4,55;f;Irkutsk;48
4,8;24,2;29,7;381;82,02;5,63;f;Irkutsk;34
1,96;19;25,7;196;90,67;5,83;m;Irkutsk;63
1,19;150;12,5;245;93,9;5,95;m;Irkutsk;55
0,83;102,2;34,6;588;91,19;5,17;m;Irkutsk;51
1,52;24,9;33,1;493;93,2;4,88;f;Irkutsk;36
2,56;64,4;70,1;266;69,07;4,86;f;Irkutsk;48
1,71;5;28,3;170;76,89;5,17;f;Irkutsk;53
0,64;7,3;28;342;64,13;4,18;f;Irkutsk;33
1,49;74,1;57,2;196;94,64;5,51;m;Irkutsk;35
1,32;5;43,8;314;83,67;4,99;f;Irkutsk;43
3,31;10,5;49,6;434;79,19;5,28;f;Irkutsk;34
3,56;10,9;23,9;145;73,06;6,05;f;Irkutsk;41
0,74;12,4;39,5;321;83,36;5,1;f;Irkutsk;45
0,01;39,8;24,8;272;73,97;3,96;f;Irkutsk;51
3,23;31,9;17,8;145;82;4,24;f;Irkutsk;30
1,19;214,9;30,9;561;77,98;6,14;f;Irkutsk;44
0,58;139,2;15,7;145;83,72;4,24;m;Irkutsk;44
1,89;80,4;16,3;207;80,73;5,41;m;Irkutsk;22
3,9;39,8;40,7;271;98,94;6,01;f;Irkutsk;72
0,57;6,6;26,7;134;73,2;5,7;f;Irkutsk;61
1,02;6,7;33,2;610;78,49;4,19;f;Irkutsk;60
1,17;81,5;23,4;189;100,95;3,79;f;Irkutsk;75
2,43;114,4;36,9;122;74,67;4,89;f;Irkutsk;49
1,69;5;14,9;131;70,57;5,76;f;Irkutsk;60
2,41;5;14,4;224;74,34;3,99;f;Irkutsk;47
3,2;43,4;48,8;514;70,67;6,16;f;Irkutsk;62
1,86;24,1;20,2;236;76,67;3,93;f;Irkutsk;40
1,72;60,4;30,6;627;67,64;4,43;f;Irkutsk;70
1,27;38,8;15,4;174;81,56;5,5;f;Irkutsk;66
2,23;5,2;21,6;590;70,61;6,67;f;Irkutsk;39
5,11;136,8;126,4;467;92,84;6,21;f;Irkutsk;43
0,93;101,9;25,3;592;79,58;4,28;f;Irkutsk;51
38,3;15,1;24;362;69,44;5,43;f;Irkutsk;47
1,89;11,5;35,4;306;83,22;7,04;f;Irkutsk;68
1,39;85,3;48,5;269;89,27;4,46;f;Irkutsk;65
2,72;6,5;18,8;315;65,63;5,45;f;Irkutsk;26
1,05;24,6;30,3;252;81,79;4,29;f;Irkutsk;41
20;5;15,4;341;88,57;5,4;f;Irkutsk;42
2,46;125;15,6;738;88,6;5,03;f;Irkutsk;63
2,14;28,9;21;198;72,8;6,14;f;Irkutsk;61
2,88;5;32,4;311;69,23;4,17;f;Irkutsk;52
0,8;5;24,8;145;68,12;4,43;f;Irkutsk;30
1,16;81,8;44,2;167;135,52;4,45;m;Irkutsk;52
1,16;39,5;16,6;529;78,91;5,84;f;Irkutsk;37
0,79;197;31,4;460;74,1;7,65;f;Irkutsk;70
2,48;19,6;22,5;234;83,5;3,74;f;Irkutsk;26
1,14;93,6;33,7;317;80,9;3,21;f;Irkutsk;56
1,52;30,9;36;160;70,41;2,69;f;Irkutsk;30
3,37;5;23,2;268;66,52;4,77;f;Irkutsk;42
0,78;53,6;16,4;307;80;6,8;f;Irkutsk;43
1,32;5,8;12,5;111;66,54;4,83;f;Irkutsk;67
1,62;58,4;31,3;348;94,46;4,64;m;Irkutsk;36
1,14;35,7;18,5;356;71,09;5,99;m;Irkutsk;66
3,29;5;17,3;210;72,72;3,71;f;Irkutsk;39
3,39;17,1;22,7;1 201;91,76;4,98;f;Irkutsk;60
1,18;41,1;28,6;738;96,78;4,95;f;Irkutsk;39
1,99;359,6;20,7;323;94,45;3,92;m;Irkutsk;35
1,68;59,9;21,5;111;93,61;3,53;m;Irkutsk;27
1,39;10,2;31,2;353;74,83;4,35;f;Irkutsk;39
1,29;36,4;30,7;458;70,21;4,48;f;Irkutsk;64
1,57;44,6;39,2;234;55,74;4,88;f;Irkutsk;17
3,8;71,3;17,2;218;78;6,1;f;Irkutsk;64
3,05;15,2;33,2;244;102,23;4,9;f;Irkutsk;45
3,9;20,7;19;513;46,42;4,09;f;Irkutsk;11
1,18;25,1;39,5;353;89,27;3,77;f;Irkutsk;37
2,43;31,6;36;432;78,53;5,58;f;Irkutsk;44
2,44;13,1;26,2;142;66,9;4,44;f;Irkutsk;27
2,1;49;21,6;268;83,7;6,5;f;Irkutsk;64
3,18;5;30,7;281;60,96;7,02;f;Irkutsk;57
1,32;48,7;43,5;207;72,59;5,96;f;Irkutsk;70
1,51;59,8;40;269;70,41;6,28;f;Irkutsk;62
1,62;359,4;22,4;183;95,07;5,25;m;Irkutsk;36
1,71;30,3;24,9;240;86,85;5,21;f;Irkutsk;41
0,7;5;22;385;63,3;4,18;f;Irkutsk;45
0,88;75;22,8;132;86,67;6,8;m;Irkutsk;57
1,46;50,7;65;367;57,7;7,07;f;Irkutsk;49
1,12;92,3;19,4;452;71,49;5,54;f;Irkutsk;64
1,59;231,2;29,6;158;106,85;3,46;m;Irkutsk;41
1,06;5,6;12,1;269;68;5,33;f;Irkutsk;43
0,01;22,4;19,4;335;75,19;3,79;f;Irkutsk;32
1,47;90,5;6,7;358;148,67;4,64;f;Irkutsk;82
1,4;30,1;9,8;203;88,28;4,31;f;Irkutsk;77
1,89;18,8;7,7;442;67,43;5,74;f;Irkutsk;40
0,9;5;31,6;481;68,48;6,6;f;Irkutsk;43
2,98;11,4;21,7;282;69,1;5,05;f;Irkutsk;24
3,23;32,6;32,7;170;90,72;5,87;f;Irkutsk;44
2,6;20,4;26,3;148;86,67;5,24;f;Irkutsk;43
1,31;33,5;27,8;144;80,19;4,85;f;Irkutsk;45
2,15;58;14,6;250;73,3;6,95;f;Irkutsk;59
3,48;27,8;6,2;417;79,54;3,36;f;Irkutsk;22
2,36;30,6;19,4;517;77,28;5,81;f;Irkutsk;49
0,86;101,3;50,3;242;81,64;4,37;f;Irkutsk;60
2,37;290,8;21,8;184;93,79;6,45;m;Irkutsk;66
1,03;163,6;19;114;104,05;5,46;m;Irkutsk;42
1,52;5;24,2;356;69,06;4,94;f;Irkutsk;41
1,65;5;28,7;245;63,33;4,42;f;Irkutsk;35
2,15;8;26;254;79,44;4,25;f;Irkutsk;55
2,06;68,4;19,8;198;89,11;8,41;f;Irkutsk;61
2,04;31,4;25;328;65,77;4,79;f;Irkutsk;39
1,83;71,5;19,2;522;74,34;7,79;f;Irkutsk;64
1,26;12,5;28,2;175;75,66;5,46;f;Irkutsk;70
2,32;7,6;21,3;155;74,04;4;f;Irkutsk;34
0,69;99,2;20,9;218;83,6;5,65;f;Irkutsk;50
3,18;13,9;17,7;738;96,4;4,41;m;Irkutsk;77
2,08;26,8;20,2;738;93,47;4,75;f;Irkutsk;41
1,2;38,7;11;362;60,93;5,31;f;Irkutsk;39
0,77;8,3;49,8;1938;65,52;7,26;f;Irkutsk;73
4,2;24;48,5;345;78,97;4,6;f;Irkutsk;44
0,98;141,5;32;250;79,58;4,49;m;Irkutsk;44
1,77;146,3;12,5;306;81,13;5,78;m;Irkutsk;58
1,1;5;13,6;435;71,33;4,13;f;Irkutsk;42
1,05;5,8;35,4;139;74,1;4,51;f;Irkutsk;40
3,27;37,9;23,6;660;51,25;3,42;m;Irkutsk;12
1,31;19,1;31,1;429;73,18;4,65;f;Irkutsk;47
2,81;87,3;15,8;205;68,8;6,6;f;Irkutsk;28
1;67,6;20,7;738;83,7;5,84;f;Irkutsk;57
1,95;139,2;23;272;82;3,52;m;Irkutsk;38
5,93;10;29,8;401;74,67;4,08;f;Irkutsk;36
2,59;13,3;26;215;69,68;4,2;f;Irkutsk;19
1,17;251,4;36,7;362;71,08;6,18;f;Irkutsk;33
3,03;41,5;38,4;463;81,67;5,12;f;Irkutsk;52
2,49;5;45,8;246;70,61;4,5;f;Irkutsk;47
0,84;52,5;30,4;184;70,29;5,89;f;Irkutsk;48
1,17;74,5;23,9;197;96,34;3,78;m;Irkutsk;34
0,93;5;30,3;325;77,13;5,64;f;Irkutsk;50
1,71;37,9;44,6;328;65,2;5,05;m;Irkutsk;14
2;28;13,7;430;70,22;7,83;f;Irkutsk;65
0,96;25,3;30,9;341;73,87;4,7;f;Irkutsk;35
0,54;71,6;41,6;241;81,89;5,15;m;Irkutsk;64
0,69;72,9;24,8;342;82,5;5,36;m;Irkutsk;38
0,78;53,8;23,8;233;51,45;7,46;f;Irkutsk;62
1,69;21,1;17,3;332;74,99;5,8;f;Irkutsk;76
1,69;28,4;13,1;738;80,6;4,94;f;Irkutsk;63
0,85;52,3;32,7;350;79,17;7,15;f;Irkutsk;64
0,97;13,7;37,9;290;72,35;6,5;f;Irkutsk;56
3,12;10,7;16,3;393;77,84;5,38;f;Irkutsk;33
2,81;38,9;12,7;135;82,28;5,48;f;Irkutsk;66
1,19;108,6;27,5;421;97,1;3,71;m;Irkutsk;54
1,53;80,5;34,4;118;98;5,02;m;Irkutsk;42
0,95;36,8;14,5;555;81,61;4,83;f;Irkutsk;38
1,64;23,4;20;219;67,84;5,67;f;Irkutsk;48
1,16;19,3;18,4;227;68,21;4,51;f;Irkutsk;36
1,11;6,4;37,8;423;67,37;4,42;f;Irkutsk;43
0,86;62,7;29,1;466;78,6;6,61;f;Irkutsk;65
1,78;10;23,6;351;68,12;4,91;f;Irkutsk;41
2,14;48,2;15,2;280;70,44;5,12;f;Irkutsk;62
1,21;96,4;17,4;111;73,74;5,62;f;Irkutsk;82
4,5;48,7;33,2;208;79,44;8,09;f;Irkutsk;82
1,06;55,2;44,4;354;69,14;4,36;f;Irkutsk;40
1,12;25,3;86,9;384;69,91;4,72;f;Irkutsk;45
1,12;37,7;12,8;276;71,49;3,54;f;Irkutsk;59
2,5;17,1;30,6;320;68,06;4,67;f;Irkutsk;36
3,39;10,7;33,1;317;62,52;3,67;f;Irkutsk;36
2,32;165,4;23,7;436;76,25;6,58;f;Irkutsk;70
1,44;84,1;33,5;456;70,93;5,96;f;Irkutsk;45
2,46;122,9;22,2;254;108,73;6,55;m;Irkutsk;52
1,32;35,2;37,8;254;78,8;5,23;f;Irkutsk;42
1,78;97,1;40,8;380;71,12;5,98;f;Irkutsk;43
0,84;5;22,7;462;71,09;4,87;f;Irkutsk;38
0,07;29,7;35,7;616;61,77;4,15;f;Irkutsk;69
0,32;9,9;27,8;436;59,08;4,59;f;Irkutsk;36
3,85;115,5;19,9;371;72,49;6,16;f;Irkutsk;47
2,1;8;44,4;392;76,63;6,09;f;Irkutsk;44
3,01;29,6;35,3;135;81,48;4,8;m;Irkutsk;39
1,36;5;29,4;159;66,54;4,54;f;Irkutsk;38
0,02;29,5;18,9;738;69,14;4,14;f;Irkutsk;38
1,6;15;14,7;159;67,06;5,07;f;Irkutsk;34
1,24;5;26,5;383;83,42;7,51;f;Irkutsk;57
1,8;109,9;30,5;248;71,23;5,93;f;Irkutsk;56
3,84;55,1;49,9;440;45,64;3,97;f;Irkutsk;12
2,52;5;8,9;587;62,83;5,15;f;Irkutsk;55
1,9;350,3;8,7;266;66,13;5,09;m;Irkutsk;52
2,95;26,7;17,8;245;72,76;5,11;f;Irkutsk;44
2,22;12,9;34,6;167;66,97;4,15;f;Irkutsk;40
3,36;69;14,1;120;86,61;6,84;m;Irkutsk;49
1,87;100,4;42,8;326;76,06;4,06;m;Irkutsk;36
2,24;6,4;27,2;224;68,83;3,86;f;Irkutsk;64
2,96;60,7;20,6;209;83,43;7,64;f;Irkutsk;75
1,03;89,6;25,8;317;71,23;4,83;f;Irkutsk;61
4,99;5;24,3;111;75,54;2,58;f;Irkutsk;26
4,15;41,5;16,7;650;84,25;6,42;f;Irkutsk;55
0,63;23,5;12,9;168;58,83;3,99;f;Irkutsk;29
1,79;5,6;19,7;114;76,7;3,58;f;Irkutsk;19
6,03;83,5;35,4;322;83,43;4,8;f;Irkutsk;43
1,4;35,4;34,6;514;70,43;5,26;f;Irkutsk;40
0,66;240;33,7;198;96,3;4,82;m;Irkutsk;41
1,79;5;94,6;497;79,15;5,61;f;Irkutsk;38
1,68;168,6;15,3;264;87,75;6,67;m;Irkutsk;43
2,92;11,1;22,1;307;85,06;4,14;f;Irkutsk;38
0,38;63,1;20;360;82,13;5,65;f;Irkutsk;52
0,74;60,9;36,5;303;82,45;5,14;f;Irkutsk;45
1,76;824,2;29,8;472;75,58;6,24;m;Irkutsk;44
2,02;35,8;23,4;267;59,13;6,19;f;Irkutsk;53
1,53;25,5;18,4;446;82,13;4,53;f;Irkutsk;45
0,65;35,7;14,4;371;80,98;4,48;f;Irkutsk;61
2,21;176,2;30,1;162;71,85;6,43;f;Irkutsk;63
0,95;110,2;33,3;440;80,87;4,73;m;Irkutsk;33
0,86;43;22,7;342;69,67;6,05;f;Irkutsk;39
2,13;18,5;13,4;341;85,29;7,63;m;Irkutsk;44
1,51;12,9;30,7;258;76,51;7,18;f;Irkutsk;59
1,81;15,5;78,4;257;87,06;5,24;f;Irkutsk;30
1,5;10;14,2;151;84,4;4,19;f;Irkutsk;39
1,67;5;20,9;226;69,79;3,27;f;Irkutsk;40
1,48;14,2;24,7;317;55,74;4,47;m;Irkutsk;16
1,27;14,8;14,6;188;76,1;4,33;f;Irkutsk;68
1,47;5,5;18;342;72,8;4,43;f;Irkutsk;40
0,78;25,2;48,8;251;87,34;4,07;m;Irkutsk;38
1,32;16,8;28,5;201;67,43;4,6;f;Irkutsk;38
4,3;105,1;24,3;300;81,05;4,54;m;Irkutsk;44
1,16;39,1;59,1;122;99,61;3,98;m;Irkutsk;64
3,46;152,4;81,4;170;93;3,8;f;Irkutsk;43
2,01;52,8;29,1;111;70,18;5,03;f;Irkutsk;75
0,89;5;12,7;183;75,19;4,61;f;Irkutsk;48
2,06;5;25,5;168;84,78;5,16;f;Irkutsk;30
0,65;38,9;15,6;277;75,2;7;f;Irkutsk;42
2,56;30,9;39,2;157;82,45;6,92;f;Irkutsk;48
1,91;21,6;23,4;485;71,74;5,07;f;Irkutsk;53
0,33;56;19,1;575;72,76;7,46;f;Irkutsk;65
1;21,3;33,5;308;87,06;8,34;f;Irkutsk;52
1,49;12,5;24;266;67,75;4,23;f;Irkutsk;48
3,26;77,1;18,9;145;83,96;5,15;m;Irkutsk;47
0,91;17,2;28,8;444;61,59;5,9;f;Irkutsk;49
1,61;15,2;17,6;393;64,56;5,27;f;Irkutsk;35
1,83;42,5;53,1;339;57,13;5,96;m;Irkutsk;14
3,49;158,3;16,3;277;90,07;6,13;m;Irkutsk;43
5,2;45,7;32,2;151;85,61;5,49;f;Irkutsk;39
1,31;117,6;28,7;578;72,66;5,28;f;Irkutsk;47
12,9;95;36,5;218;91,71;3,55;m;Irkutsk;47
0,85;61,3;13,4;234;67,33;4,4;f;Irkutsk;53
2,3;82;55,9;337;95,28;5,3;m;Irkutsk;43
1,97;66,4;33,9;417;82,35;5,36;f;Irkutsk;39
4,37;45,9;54,3;384;74,96;7,76;f;Irkutsk;38
1,34;75,4;18,6;225;64,53;4,88;f;Irkutsk;38
4,1;68,8;23,8;612;88,62;5,96;f;Irkutsk;48
4,2;271,1;15,9;532;98,3;3,62;f;Irkutsk;76
1,16;28,3;16,1;255;77,45;3,94;f;Irkutsk;40
4,1;16,5;18,2;386;67,99;5,78;f;Irkutsk;43
4,01;5;24,4;261;74,27;6,4;f;Irkutsk;54
3,56;28,9;21,4;237;75,15;5,73;f;Irkutsk;23
2,93;5;18,8;145;95,11;4,08;f;Irkutsk;29
1,24;13,4;30,8;452;75,23;5,89;f;Irkutsk;45
0,52;66,8;162,6;671;71,74;5,94;f;Irkutsk;47
3,19;69,7;11,7;165;81,39;5,4;m;Irkutsk;80
1,75;34,9;17,6;393;73,29;6,84;f;Irkutsk;40
3;16,1;20,6;479;82,24;5,88;f;Irkutsk;40
1,26;68,9;38,5;206;91,76;4,91;m;Irkutsk;55
1,92;15;34,6;682;83,9;4,14;f;Irkutsk;40
4,62;56,4;38,7;384;86,1;3,95;m;Irkutsk;37
1,95;65,3;48,7;394;70,93;5,56;f;Irkutsk;52
1,89;48,1;28,4;215;106,69;5,38;m;Irkutsk;39
0,96;35,8;32,9;320;86,4;5,81;f;Irkutsk;41
1,69;21,7;17,4;215;80,78;4,78;f;Irkutsk;43
1,42;36;34,9;376;77,9;4,11;f;Irkutsk;40
3,7;16,7;16,2;130;55,7;4,23;f;Irkutsk;9
1,76;34,3;34,9;144;76,69;6,25;f;Irkutsk;61
1,2;25,1;33,7;346;84,42;5,62;f;Irkutsk;56
1,06;428,1;45,4;315;101,96;6,62;m;Irkutsk;51
2,31;25,2;43,8;191;82,42;6,26;f;Irkutsk;74
3,7;42,1;32,6;365;76,21;5,49;f;Irkutsk;40
2,09;25,8;27,4;311;82,39;5,63;f;Irkutsk;41
0,89;82,2;26,4;190;71,9;5,73;f;Irkutsk;64
2,41;6,4;23,3;128;56,41;4,3;m;Irkutsk;17
2,58;30,8;33,3;578;85,37;5,05;f;Irkutsk;53
2,11;43,4;77,3;209;84,11;4,01;f;Irkutsk;47
1,53;68,2;54,3;590;71,98;4,93;f;Irkutsk;41
2,1;22,5;23;300;67,33;3,99;f;Irkutsk;33
2,15;212,7;21,3;278;82,94;6,34;m;Irkutsk;61
2,48;80,9;24,9;125;80,27;4,93;f;Irkutsk;51
5;29,7;24,2;152;80,69;5,37;f;Irkutsk;62
0,58;27,5;36,6;167;71,04;6,02;f;Irkutsk;64
1,59;23,4;26,6;637;81,33;5,4;f;Irkutsk;45
1,8;66,6;44,4;171;88,22;4,83;f;Irkutsk;64
1,58;15,3;63,4;375;69,01;4,8;f;Irkutsk;41
1,76;5;22,8;418;57,57;3,9;f;Irkutsk;33
0,01;11,5;34,2;242;69,79;4,96;f;Irkutsk;47
2,09;7,3;36,5;618;65,01;6,19;f;Irkutsk;67
0,74;46,5;30,6;190;73,93;4,44;f;Irkutsk;57
1,93;22;16;501;73,4;7,27;f;Irkutsk;54
4,24;37,5;28,9;335;74,03;7,58;f;Irkutsk;57
0,85;5;17,6;345;77,67;4,36;m;Irkutsk;41
2,17;38,6;34,5;498;65,53;3,79;f;Irkutsk;29
2,82;9,6;24,3;111;93,62;6,13;m;Irkutsk;78
1,73;61,2;51,1;379;99,76;5,38;f;Irkutsk;31
2,12;115;17,4;362;93,15;3,65;m;Irkutsk;67
7,19;12,6;30,1;288;78,62;5,7;f;Irkutsk;64
1,23;476,5;29,9;292;84,15;6,99;m;Irkutsk;50
0,96;112,3;16,3;356;76,44;6,58;m;Irkutsk;44
2,04;11,5;18,3;411;77,68;5,78;f;Irkutsk;50
0,85;61,3;14,8;373;59,01;5,26;f;Irkutsk;64
1,98;8,4;20,1;477;70,67;5,14;f;Irkutsk;56
0,11;105,7;23,9;155;81,6;5,85;f;Irkutsk;47
0,01;32,5;28,3;594;69,14;3,06;f;Irkutsk;42
3,32;103,3;23,4;190;68,62;5,56;f;Irkutsk;50
0,65;8;16,4;710;62,22;4,83;f;Irkutsk;65
1,31;38;16,9;317;79,2;3,37;f;Irkutsk;41
1,04;53,8;15,1;422;73,49;4,63;f;Irkutsk;56
1,56;97,8;23,1;212;103,81;4,14;m;Irkutsk;38
2,67;38,6;29,6;606;69,07;6,23;f;Irkutsk;63
2,4;78,5;58,1;148;85,87;4,63;m;Irkutsk;60
2,47;8,6;28,7;201;77,9;6,03;f;Irkutsk;55
1,57;11,1;24,5;261;77,9;5,23;f;Irkutsk;39
1,35;5;24,5;180;78,97;5,26;f;Irkutsk;43
1,95;267,3;33,3;382;104,29;5,01;m;Irkutsk;56
0,88;438,6;33,5;3201;69,79;5,77;f;Irkutsk;67
2,31;171,3;17,9;691;100,1;4,04;f;Irkutsk;77
4,34;46;19,6;663;140,23;4,29;m;Irkutsk;80
3,59;9,2;18,2;179;62,93;4,05;f;Irkutsk;18
5,02;56,1;14,4;594;78,98;7,2;f;Irkutsk;79
2,08;31,3;19;342;65,8;5,93;f;Irkutsk;49
0,69;26,9;99,2;289;73,64;4,4;f;Irkutsk;53
1,81;5;16,9;552;75,92;5,77;f;Irkutsk;47
0,6;180;47,9;312;90,26;6,15;m;Irkutsk;67
1,58;85,8;33,4;401;76,72;8,92;f;Irkutsk;66
2,04;47,5;30,7;301;74,3;5,05;f;Irkutsk;52
1,14;75,7;13,7;278;95,11;6,45;m;Irkutsk;50
0,84;44,6;11,6;471;67,84;4,88;f;Irkutsk;49
0,02;123,2;25,1;133;100,95;4,74;f;Irkutsk;77
0,96;5;33,9;381;81,48;4,84;f;Irkutsk;37
0,85;44,6;16,7;202;93;5,18;m;Irkutsk;38
3,89;68,3;44,9;390;140,35;5,86;m;Irkutsk;33
2,21;50,2;40,7;222;81,6;5,36;f;Irkutsk;41
12,2;13,4;22,6;209;63,39;6,53;f;Irkutsk;47
2,02;49,3;31,9;390;62;8,02;f;Irkutsk;35
1,44;12,5;18,4;257;81,31;5,26;f;Irkutsk;43
1,83;38,2;18;181;77,96;3,48;m;Irkutsk;25
2,14;20,3;38,5;317;72,54;5,62;f;Irkutsk;49
1,63;51,9;14,6;367;73,87;4,48;f;Irkutsk;22
1,24;5;47,5;282;86,89;2,93;f;Irkutsk;37
0,56;88,7;45,2;264;79,94;4,13;m;Irkutsk;37
1,45;10,8;15,7;111;82,37;4,18;m;Irkutsk;25
0,01;5;19,7;316;79,15;4,56;f;Irkutsk;48
2,49;5,2;23,3;344;65,9;4,75;f;Irkutsk;35
2,33;20,1;13,7;164;62,41;4,29;f;Irkutsk;42
2,14;53;44,3;137;80,69;5,26;f;Irkutsk;32
2,95;23,1;37,6;303;83,43;5,62;f;Irkutsk;75
1,6;5;16,3;481;74,91;6,42;f;Irkutsk;63
3,03;53,1;20,6;306;76,83;4,13;m;Irkutsk;38
4,69;33,1;45,2;207;77,72;5,43;m;Irkutsk;65
1,98;37,7;56;642;67,29;6,17;f;Irkutsk;60
2,07;18,8;17,5;236;92,1;5,01;f;Irkutsk;32
1,33;136,7;24,4;246;62,91;3,79;f;Irkutsk;57
1,41;149,1;33;249;90,28;5,98;m;Irkutsk;71
1,25;8,1;42,5;188;78,16;5,8;f;Irkutsk;46
3,65;17,1;13,4;111;82,9;4,77;m;Irkutsk;62
3,33;47,9;29,2;215;83,8;3,87;f;Irkutsk;30
5,92;39,1;52,7;235;75,89;7,91;f;Irkutsk;28
2,97;5,7;9,1;132;72,22;4,68;f;Irkutsk;27
1,77;73,9;28,5;330;67,76;5,93;f;Irkutsk;54
3,68;18;38,1;497;68,3;5,17;f;Irkutsk;39
0,03;5;26,2;272;84,72;7,15;f;Irkutsk;55
1,59;49,1;34,8;169;64,1;4,91;f;Irkutsk;35
3,06;25,4;31,1;600;86,36;6,26;f;Irkutsk;64
2,77;5;35,6;239;69,75;5,5;f;Irkutsk;39
2,14;18,6;15,4;111;83,51;3,31;m;Irkutsk;41
3,17;15,9;18,1;478;74,5;4,82;f;Irkutsk;35
1,45;44,8;30,9;270;105,5;5,21;m;Irkutsk;37
0,03;10,5;28,7;283;81,48;4,38;f;Irkutsk;35
1,75;34,6;108;190;69,09;3,27;f;Irkutsk;39
4,91;7,8;25,6;494;75,62;6,5;f;Irkutsk;55
1,29;58,7;17,8;111;91,9;4,76;f;Irkutsk;68
1,67;115,7;40,1;311;105,2;6,31;m;Irkutsk;34
8,48;5,1;15,6;311;69,02;5,22;f;Irkutsk;37
1,13;30,1;6,5;687;63,62;4,09;f;Irkutsk;39
2,94;22,1;56,7;738;148;5,63;f;Irkutsk;64
2,91;64,3;37,3;378;83,43;5,87;f;Irkutsk;64
2,22;38,8;43,2;277;81,2;5,37;f;Irkutsk;40
0,56;52,9;30,4;221;71,66;5,59;f;Irkutsk;64
1,42;33,2;34,8;326;78,64;6,76;f;Irkutsk;45
2,08;12,3;33,2;227;82;6,17;f;Irkutsk;60
2,22;23,1;43,2;168;78,96;5,9;f;Irkutsk;74
2,3;6,9;10,2;327;79,81;5,38;f;Irkutsk;43
1,44;14,5;26,7;240;85,09;4,75;f;Irkutsk;39
2,55;70,5;22,8;721;82,47;4,66;f;Irkutsk;63
4,39;73,4;16,3;440;68,3;3,92;f;Irkutsk;44
2,83;18,5;9,7;139;54,78;4,07;m;Irkutsk;14
1,18;31;15,5;421;61,57;4,17;f;Irkutsk;40
0,7;139,8;18,9;257;92,1;5,4;m;Irkutsk;49
3,33;22,4;16,2;221;74,02;4,59;f;Irkutsk;45
0,84;36,6;18,4;344;84,8;4,83;f;Irkutsk;64
2,14;42,5;27,8;624;71,7;5,64;f;Irkutsk;66
1,95;234,1;11,5;438;82,01;6,49;f;Irkutsk;63
1,81;9,5;10,6;527;62,67;3,97;f;Irkutsk;38
0,63;10,9;67;504;76,08;4,87;f;Irkutsk;40
0,67;33,5;17,5;252;69,83;5,38;f;Irkutsk;33
3,81;25;30,8;167;83,11;5,69;f;Irkutsk;72
7,13;72,4;8,9;134;67,33;9,9;f;Irkutsk;63
3,33;19,6;33,1;635;84;4,77;f;Irkutsk;42
1,69;24,9;32,2;363;80,96;7,04;f;Irkutsk;57
2,66;42,5;19,9;226;74;4,07;f;Irkutsk;73
1,49;19,5;15;207;75,33;4,49;f;Irkutsk;39
0,34;67,9;18,6;401;63,42;5,96;f;Irkutsk;42
1,65;110,1;42,9;171;67,6;7,07;f;Irkutsk;73
1,36;29;22,5;159;72,13;6,53;f;Irkutsk;33
1,02;35,6;22,4;304;80,23;3,87;f;Irkutsk;52
1,89;90,6;14,4;330;74,02;5,69;f;Irkutsk;71
0,14;8;19,9;337;65,1;5,11;f;Irkutsk;52
1,56;59,4;31,3;356;67,76;5,13;f;Irkutsk;59
1,71;130,1;47,7;302;70,12;7,53;f;Irkutsk;68
1,43;39,8;24,8;738;71,23;6,22;f;Irkutsk;62
1,58;207,3;24,2;364;85,02;5,11;f;Irkutsk;33
2,14;14,2;46,3;397;77,45;4,87;f;Irkutsk;52
0,02;35,3;56;332;83,7;4,01;f;Irkutsk;38
0,43;18,8;23,3;184;66,54;5,88;f;Irkutsk;40
5,33;15,5;21,5;458;70,44;4,76;f;Irkutsk;42
2,3;21,1;74,1;481;81,8;4,93;f;Irkutsk;37
2,21;81,6;28;353;83,18;6,75;f;Irkutsk;76
1,22;43,5;27,9;516;75,9;4,81;f;Irkutsk;46
1,59;58,5;14,3;409;106,15;5,65;m;Irkutsk;56
2,31;26;15,1;181;77,06;5,28;f;Irkutsk;56
1,57;5,3;39,5;435;79,31;6,62;f;Irkutsk;59
0,86;26,7;29,5;514;59,28;6,39;f;Irkutsk;48
1;13,9;17,4;473;67,75;5,83;f;Irkutsk;32
1,97;105,7;24,7;204;91,63;4,34;m;Irkutsk;54
1,8;59,9;13,9;736;78,67;4,32;f;Irkutsk;70
3,41;965,2;23,8;173;94,98;4,98;f;Irkutsk;73
1,96;76,5;22;291;84,43;7,67;f;Irkutsk;68
2;21,2;28,1;495;73,17;3,65;f;Irkutsk;29
1,69;5;16,4;150;94,9;4,76;f;Irkutsk;55
3,35;19,1;22,2;283;78,88;4,56;f;Irkutsk;47
2,25;54,3;32,9;319;101,14;6,71;m;Irkutsk;75
0,89;94,1;26,7;185;92,84;4,12;f;Irkutsk;76
2,48;94,2;62,3;370;93,32;7,55;m;Irkutsk;65
1,89;79,6;75,4;363;68,56;5,36;f;Irkutsk;60
7,57;69,6;20,6;289;72,89;3,87;f;Irkutsk;43
1,84;5;32,3;313;69,1;5,13;f;Irkutsk;35
3,22;89,7;16,6;658;82,4;6,75;f;Irkutsk;72
2,32;205,7;16,3;215;64,78;6,69;f;Irkutsk;65
1,66;98,3;91,9;575;148,8;3,31;m;Irkutsk;62
2,96;37,4;73,6;455;77,8;4,56;f;Irkutsk;52
1,12;5,3;37,6;370;73,36;4,99;f;Irkutsk;30
1,08;24;36,9;134;60,85;3,86;f;Irkutsk;36
1,06;16,9;35,5;274;76,73;5,66;f;Irkutsk;48
1,33;87,9;18,7;738;71,49;4,96;f;Irkutsk;60
0,85;35,7;54,4;530;64,94;4,56;f;Irkutsk;20
0,54;70,9;19,1;369;58,83;3,63;f;Irkutsk;43
1,53;89,9;13,3;322;79,08;5,31;m;Irkutsk;36
1,98;44,6;25,8;173;92,84;4,77;m;Irkutsk;26
3,68;126,8;44,3;374;88,51;5,71;f;Irkutsk;42
